数据日期,原始国家,市场组,商品标签,product_id,spu_code,店铺名称,SKM标签,二级类目,三级类目,叶子类目,类目组合,历史累计销量区间,大盘营销价-美金,近7天出单区间,近3天环比增速,近3天环比标签,T-1出单区间,全球首次上架日期,上架天数,JIT标签,实际可售库存,JIT虚拟库存,颜色,颜色数,尺码,尺码数,季节标签,首图链接,商品详情页URL,开发员名称,Final SPS,场域_短视频占比,场域_直播占比,场域_货架占比,入池日期
2026/9/6,MX,MX,高动销,1734513356644844710,S260304038312,Agivvia,非SKM商家,标码女装,女士针织衫,毛衣马甲,标码女装+女士针织衫,"(2000,5000]",15.30,"(100,+∞)",9.80%,"(0%, 50%]","(100,200]",2026/3/14,176,非JIT商品,959,0,"Black,Khaki,Burgundy,Gray,Coffee brown",5,"L,XL,XS,M,S",5,Fall&Winter,https://p16-oec-va.ibyteimg.com/tos-alisg-i-aphluv4xwc-sg/1142bdaf68b0456b87035ae1e8e66c59~tplv-o3syd03w52-resize-jpeg:1000:1000.image?,https://shop.tiktok.com/view/product/1734513356644844710?region=MX&locale=es,王可心,4.3,33,44,23,2026/9/8
2026/9/6,GB,UK,高动销,1729402132633718507,S231104000432,Bettlity,非SKM商家,标码女装,女士针织衫,毛衣套头衫,标码女装+女士针织衫,"(10000,+∞)",16.95,"(100,+∞)",-4.15%,负增长,"(200,500]",2023/11/15,"1,026",非JIT商品,"10,037",0,"Dark green,Mint green,Black,Army Green*1 pc+Mint Green*1 pc,Dark gray,Pink,Mauve purple,Pink*1 pc+Burgundy*1 pc,Khaki,Army green,Royal blue,Dark Gray*1 pc+Black*1 pc,Dark Gray*1 pc+Dark Green*1 pc,Burgundy*1 pc+Army Green*1 pc,Light green,Army Green*1 pc+Dark Green*1 pc,Burgundy,Dark Gray*1 pc+Burgundy*1 pc",18,"XS,M,XL,L,S,XXL",6,Fall&Winter,https://p16-oec-va.ibyteimg.com/tos-alisg-i-aphluv4xwc-sg/8c3061a96ced4ed0aeb5abc8d84d795f~tplv-o3syd03w52-resize-jpeg:1000:1000.image?,https://shop.tiktok.com/view/product/1729402132633718507?region=GB&locale=en,沈亦莎,4.9,82,0,18,2026/9/8
2026/9/6,GB,UK,高动销,1729445895122881778,S241213008988,Morrie Moon,非SKM商家,标码女装,女士针织衫,开衫,标码女装+女士针织衫,"(10000,+∞)",24.98,"(100,+∞)",9.41%,"(0%, 50%]","(200,500]",2024/12/24,621,非JIT商品,"1,472",0,"Light green,Black,Army green,Burgundy,Baby pink,Grey,Cream,Navy blue,Brown,Orange,Khaki,Mocha brown,Royal blue",13,"M,XXL,S,XL,L",5,未知/未配置,https://p16-oec-va.ibyteimg.com/tos-maliva-i-o3syd03w52-us/d40b4dd2e505486d818e79b813f1aa27~tplv-o3syd03w52-resize-jpeg:1000:1000.image?,https://shop.tiktok.com/view/product/1729445895122881778?region=GB&locale=en,王可心,4.7,78,0,22,2026/9/8
2026/9/6,GB,UK,高动销,1729880358852926252,S260724035442,Design Darling,非SKM商家,标码女装,女士针织衫,开衫,标码女装+女士针织衫,"(1000,2000]",32.90,"(100,+∞)",-13.72%,负增长,"(50,100]",2026/7/24,44,非JIT商品,469,0,"Coffee brown,Apricot,Cream",3,"XXL,XL,S,M,L",5,Fall&Winter,https://p16-oec-va.ibyteimg.com/tos-alisg-i-aphluv4xwc-sg/6347c57a7bd1409894e2cf0e623d1161~tplv-o3syd03w52-resize-jpeg:1000:1000.image?,https://shop.tiktok.com/view/product/1729880358852926252?region=GB&locale=en,沈亦莎,4.6,89,0,11,2026/9/8
2026/9/6,GB,UK,高动销,1729430888265452826,S241022004269,LILYTREE,非SKM商家,标码女装,女士针织衫,毛衣套头衫,标码女装+女士针织衫,"(10000,+∞)",19.89,"(100,+∞)",28.16%,"(0%, 50%]","(50,100]",2024/10/25,681,非JIT商品,"1,469",0,"Off white,Cream,Lime red,Green,Chartreuse,Rust orange,Salmon pink,Deep red,Black,Grey",10,"L,S,XL,M",4,未知/未配置,https://p16-oec-eu-common-no.tiktokcdn-eu.com/tos-no1a-i-t5fjg24jzw-no/e67f5438736a4964b9c02608a2a3e098~tplv-t5fjg24jzw-resize-jpeg:1000:1000.image?,https://shop.tiktok.com/view/product/1729430888265452826?region=GB&locale=en,沈亦莎,4.4,66,0,34,2026/9/8
2026/9/6,GB,UK,高动销,1729409154795605266,S240508006159,Hiying,非SKM商家,标码女装,女士针织衫,毛衣套头衫,标码女装+女士针织衫,"(10000,+∞)",19.30,"(100,+∞)",-20.00%,负增长,"(30,50]",2024/5/17,842,非JIT商品,958,0,"Army green,Baby pink,Rust red,Bright yellow,Rust orange,Khaki,Navy Blue*1 pc+Light Gray*1 pc,Navy blue,Army Green*1 pc+Rust Red*1 pc,Pebble lime,Khaki&Navy Blue&Light Gray*1 pc",11,"XL,L,XXL,M,S",5,未知/未配置,https://p16-oec-eu-common-no.tiktokcdn-eu.com/tos-no1a-i-t5fjg24jzw-no/acba7a90d96f420196a1a9d1aa67af14~tplv-t5fjg24jzw-resize-jpeg:1000:1000.image?,https://shop.tiktok.com/view/product/1729409154795605266?region=GB&locale=en,沈亦莎,4.5,56,0,44,2026/9/8
2026/9/6,GB,UK,高动销,1729422224249884495,S240705001676,URBANECHIC Sweater,非SKM商家,大码女装,女士针织衫,毛衣套头衫,大码女装+女士针织衫,"(10000,+∞)",16.64,"(100,+∞)",22.58%,"(0%, 50%]","(30,50]",2024/7/22,776,非JIT商品,962,0,"Navy blue,Olive green,Burgundy,Black,Coffee brown,Camel,Apricot",7,"5XL,2XL,1XL,0XL,4XL,3XL",6,未知/未配置,https://p16-oec-eu-common-no.tiktokcdn-eu.com/tos-no1a-i-t5fjg24jzw-no/9c68978bd960405f91bf78c8d9a3c6d1~tplv-t5fjg24jzw-resize-jpeg:1000:1000.image?,https://shop.tiktok.com/view/product/1729422224249884495?region=GB&locale=en,张宇,4.6,68,1,31,2026/9/8
2026/9/6,GB,UK,高动销,1729549610179991877,S250617002423,YouAnnn,非SKM商家,标码女装,女士针织衫,开衫,标码女装+女士针织衫,"(10000,+∞)",25.83,"(100,+∞)",70.41%,"(50%, 100%]","(30,50]",2025/6/22,441,非JIT商品,"1,093",0,"Pink,Apricot,Black,Beige,Orange,Red,Brown,Navy blue,Dark gray,Khaki,Grey,Light wash,Lilac",13,"M,L,S,XXL,XL",5,未知/未配置,https://p16-oec-eu-common-no.tiktokcdn-eu.com/tos-no1a-i-t5fjg24jzw-no/dbaceb244d2546578ed969f117a8b902~tplv-t5fjg24jzw-resize-jpeg:1000:1000.image?,https://shop.tiktok.com/view/product/1729549610179991877?region=GB&locale=en,沈亦莎,4.8,55,0,45,2026/9/8
2026/9/6,GB,UK,高动销,1729652989064616265,S251004020291,XL Sweat,非SKM商家,大码女装,女士针织衫,毛衣开衫,大码女装+女士针织衫,"(1000,2000]",23.32,"(100,+∞)",-26.13%,负增长,"(10,30]",2025/10/13,328,非JIT商品,713,0,"Coffee brown,Black,Blue,Pink,Khaki,Hot pink,Cream",7,"2XL,1XL,3XL,4XL,5XL",5,未知/未配置,https://p16-oec-eu-common-no.tiktokcdn-eu.com/tos-no1a-i-t5fjg24jzw-no/71e8ea6a0b7c49dab22721d9507344be~tplv-t5fjg24jzw-resize-jpeg:1000:1000.image?,https://shop.tiktok.com/view/product/1729652989064616265?region=GB&locale=en,张宇,4.9,64,0,36,2026/9/8
2026/9/6,GB,UK,高动销,1729421629371944462,S240629004604,YunShine,非SKM商家,标码女装,女士针织衫,毛衣连衣裙,标码女装+女士针织衫,"(10000,+∞)",20.65,"(100,+∞)",44.64%,"(0%, 50%]","(10,30]",2024/7/16,782,非JIT商品,944,0,"Lilac*1 pc+Gray*1 pc,Fawn brown,Coffee brown,Dark Green*1 pc+Burgundy*1 pc,Pink,Black,Dark green,Khaki*1 pc+Black*1 pc,Lilac,Yellow,Khaki,White,Grey,Burgundy,Navy blue",15,"M,S,L,XL",4,未知/未配置,https://p16-oec-eu-common-no.tiktokcdn-eu.com/tos-no1a-i-t5fjg24jzw-no/8a5627266ad54ca99323beef84910772~tplv-t5fjg24jzw-resize-jpeg:1000:1000.image?,https://shop.tiktok.com/view/product/1729421629371944462?region=GB&locale=en,王可心,4.4,53,0,47,2026/9/8
2026/9/6,GB,UK,高动销,1729610643970365769,S250808014899,XL Sweat,非SKM商家,大码女装,女士针织衫,毛衣套头衫,大码女装+女士针织衫,"(2000,5000]",27.58,"(100,+∞)",-11.94%,负增长,"(0,10]",2025/8/17,385,非JIT商品,761,0,"Blue,Gray,Lemon yellow,Army green,Coffee brown,Khaki,Black,Hot pink",8,"3XL,4XL,1XL,2XL,5XL",5,未知/未配置,https://p16-oec-eu-common-no.tiktokcdn-eu.com/tos-no1a-i-t5fjg24jzw-no/f7da68a4c38d4687b76840f3a5fb667b~tplv-t5fjg24jzw-resize-jpeg:1000:1000.image?,https://shop.tiktok.com/view/product/1729610643970365769?region=GB&locale=en,张宇,4.9,65,0,35,2026/9/8
2026/9/6,GB,UK,高动销,1729676282069555525,S251026033157,YouAnnn,非SKM商家,标码女装,女士针织衫,毛衣套头衫,标码女装+女士针织衫,"(1000,2000]",17.30,"(100,+∞)",14.29%,"(0%, 50%]","(10,30]",2025/10/30,311,非JIT商品,343,0,"Black,Army green,Brown,Apricot,Red,Cream",6,"L,XL,M,S,XXL",5,未知/未配置,https://p16-oec-va.ibyteimg.com/tos-alisg-i-aphluv4xwc-sg/43fceb464d1c42ac98cc295866bfd04b~tplv-o3syd03w52-resize-jpeg:1000:1000.image?,https://shop.tiktok.com/view/product/1729676282069555525?region=GB&locale=en,沈亦莎,4.8,59,0,41,2026/9/8
2026/9/6,GB,UK,高动销,1729432980192464619,S241026003981,Bettlity,非SKM商家,标码女装,女士针织衫,毛织裙子套装,标码女装+女士针织衫,"(2000,5000]",33.04,"(50,100]",22.50%,"(0%, 50%]","(10,30]",2024/11/8,667,非JIT商品,204,0,"Off white,Deep red,Black,Fawn Brown",4,"XL,XXL,L,S,M",5,未知/未配置,https://p16-oec-eu-common-no.tiktokcdn-eu.com/tos-no1a-i-t5fjg24jzw-no/55f4abcfbf604b2cb6a95ece398d4970~tplv-t5fjg24jzw-resize-jpeg:1000:1000.image?,https://shop.tiktok.com/view/product/1729432980192464619?region=GB&locale=en,沈亦莎,4.9,66,0,34,2026/9/8
2026/9/6,GB,UK,高动销,1729878629880338958,S260722014955,YunShine,非SKM商家,标码女装,女士针织衫,毛衣套头衫,标码女装+女士针织衫,"(100,500]",21.00,"(50,100]",12.50%,"(0%, 50%]","(10,30]",2026/7/23,45,非JIT商品,401,0,"Coffee brown,Black,Navy blue,Khaki",4,"L,XL,S,M",4,Fall&Winter,https://p16-oec-va.ibyteimg.com/tos-alisg-i-aphluv4xwc-sg/64b340542cbb43838aebdebca56f6cbf~tplv-o3syd03w52-resize-jpeg:1000:1000.image?,https://shop.tiktok.com/view/product/1729878629880338958?region=GB&locale=en,王可心,4.4,24,8,68,2026/9/8
2026/9/6,GB,UK,高动销,1729568681962609412,S250705012887,SML Sweaters,非SKM商家,标码女装,女士针织衫,开衫,标码女装+女士针织衫,"(500,1000]",18.56,"(50,100]",32.35%,"(0%, 50%]","(10,30]",2025/7/9,424,非JIT商品,251,0,"Brown,Gray,Pink",3,"M,L,S,XL",4,未知/未配置,https://p16-oec-eu-common-no.tiktokcdn-eu.com/tos-no1a-i-t5fjg24jzw-no/5e7ba6d2e38c4b248635a620be37896b~tplv-t5fjg24jzw-resize-jpeg:1000:1000.image?,https://shop.tiktok.com/view/product/1729568681962609412?region=GB&locale=en,王可心,4.3,21,5,74,2026/9/8
2026/9/6,GB,UK,高动销,1729563371490876139,S250621006794,Bettlity,非SKM商家,标码女装,女士针织衫,毛织长裤套装,标码女装+女士针织衫,"(2000,5000]",36.76,"(50,100]",-38.78%,负增长,"(0,10]",2025/7/4,429,非JIT商品,136,0,Silver,1,"XL,S,M,XXL,L",5,未知/未配置,https://p16-oec-eu-common-no.tiktokcdn-eu.com/tos-no1a-i-t5fjg24jzw-no/17a6a95692b64584a0eb5d26cbfaf0dd~tplv-t5fjg24jzw-resize-jpeg:1000:1000.image?,https://shop.tiktok.com/view/product/1729563371490876139?region=GB&locale=en,沈亦莎,4.9,50,0,50,2026/9/8
2026/9/6,GB,UK,高动销,1729632984022751557,S250905020857,YouAnnn,非SKM商家,标码女装,女士针织衫,毛衣套头衫,标码女装+女士针织衫,"(10000,+∞)",21.88,"(50,100]",39.39%,"(0%, 50%]","(10,30]",2025/9/12,359,非JIT商品,"4,768",0,"Lemon yellow,Gray,Rust orange,Pink,Mauve purple,Apricot,Leaf green,Brown,Beige,Burgundy,Baby pink,Red,Dark gray",13,"M,XXL,XL,L,S",5,未知/未配置,https://p16-oec-eu-common-no.tiktokcdn-eu.com/tos-no1a-i-t5fjg24jzw-no/ee7c8730832a4bd4bf05b0dfd734baec~tplv-t5fjg24jzw-resize-jpeg:1000:1000.image?,https://shop.tiktok.com/view/product/1729632984022751557?region=GB&locale=en,沈亦莎,4.8,69,0,31,2026/9/8
2026/9/6,GB,UK,高动销,1729882431545645803,S260728017262,Bettlity,非SKM商家,标码女装,女士针织衫,毛衣套头衫,标码女装+女士针织衫,"(0,100]",22.49,"(50,100]",600.00%,"(500%, +∞)","(10,30]",2026/8/3,34,JIT商品,59,141,"Blue,Black,Emerald green,Dark brown,Cream",5,"M,XL,S,L,XXL",5,Fall&Winter,https://p16-oec-va.ibyteimg.com/tos-alisg-i-aphluv4xwc-sg/d11695042f4141b98b9d61d134467fd7~tplv-o3syd03w52-resize-jpeg:1000:1000.image?,https://shop.tiktok.com/view/product/1729882431545645803?region=GB&locale=en,沈亦莎,4.9,77,0,23,2026/9/8
2026/9/6,GB,UK,高动销,1729895352970942789,S260813042553,YouAnnn,非SKM商家,标码女装,女士针织衫,毛衣套头衫,标码女装+女士针织衫,"(100,500]",22.68,"(50,100]",100.00%,"(50%, 100%]","(10,30]",2026/8/17,20,非JIT商品,122,0,"Gray,Apricot",2,"M,XL,S,XXL,L",5,Fall&Winter,https://p16-oec-va.ibyteimg.com/tos-alisg-i-aphluv4xwc-sg/4cb439b777ff45ce9311e57c20629a54~tplv-o3syd03w52-resize-jpeg:1000:1000.image?,https://shop.tiktok.com/view/product/1729895352970942789?region=GB&locale=en,沈亦莎,4.8,3,0,97,2026/9/8
2026/9/6,GB,UK,高动销,1729612967429774137,S250814012411,Posh Fleece,非SKM商家,标码女装,女士针织衫,开衫,标码女装+女士针织衫,"(5000,10000]",20.98,"(50,100]",33.33%,"(0%, 50%]","(0,10]",2025/8/19,383,非JIT商品,"1,059",0,"White,Green,Khaki,Red,Flame red,Brown,Black,Dark gray,Apricot,Reddish brown,Cream,Dark green",12,"M,XL,L,S",4,未知/未配置,https://p16-oec-va.ibyteimg.com/tos-alisg-i-aphluv4xwc-sg/12f92c5e2f4b4da4ae9aed6fe5a8207d~tplv-o3syd03w52-resize-jpeg:1000:1000.image?,https://shop.tiktok.com/view/product/1729612967429774137?region=GB&locale=en,魏冰馨,4.6,44,4,52,2026/9/8
2026/9/6,GB,UK,高动销,1729876615693899942,S260719018236,Agivvia,非SKM商家,标码女装,女士针织衫,毛衣套头衫,标码女装+女士针织衫,"(100,500]",19.71,"(50,100]",-16.67%,负增长,"(0,10]",2026/7/29,39,非JIT商品,203,0,"Coffee brown,Khaki,Apricot",3,"XL,S,L,M",4,Fall&Winter,https://p16-oec-va.ibyteimg.com/tos-alisg-i-aphluv4xwc-sg/09d379d9d2f4421ca9e1bbf7388e74a0~tplv-o3syd03w52-resize-jpeg:1000:1000.image?,https://shop.tiktok.com/view/product/1729876615693899942?region=GB&locale=en,王可心,4.4,66,0,34,2026/9/8
2026/9/6,GB,UK,高动销,1729894932397004979,S260813035532,ZOVINRIA,非SKM商家,标码女装,女士针织衫,毛衣套头衫,标码女装+女士针织衫,"(100,500]",19.62,"(50,100]",-43.48%,负增长,"(0,10]",2026/8/18,19,非JIT商品,125,0,"Coffee Brown,Gray,Coffee color",3,"M,S,L",3,Fall&Winter,https://p16-oec-va.ibyteimg.com/tos-alisg-i-aphluv4xwc-sg/d552f3bef534451797c33769670e0218~tplv-o3syd03w52-resize-jpeg:1000:1000.image?,https://shop.tiktok.com/view/product/1729894932397004979?region=GB&locale=en,王可心,4.7,10,0,90,2026/9/8
2026/9/6,GB,UK,高动销,1729891363880016684,S260809015118,Design Darling,非SKM商家,标码女装,女士针织衫,开衫,标码女装+女士针织衫,"(100,500]",26.11,"(50,100]",-27.59%,负增长,"(0,10]",2026/8/9,28,JIT商品,46,"1,975","Green,Coffee brown,Dark gray",3,"XXL,M,XL,L,S",5,Fall&Winter,https://p16-oec-va.ibyteimg.com/tos-alisg-i-aphluv4xwc-sg/def4647b268c4085b3caa22bded9ac59~tplv-o3syd03w52-resize-jpeg:1000:1000.image?,https://shop.tiktok.com/view/product/1729891363880016684?region=GB&locale=en,沈亦莎,4.6,0,0,100,2026/9/8
2026/9/6,GB,UK,高动销,1729878647362197670,S260722016296,Agivvia,非SKM商家,标码女装,女士针织衫,毛衣套头衫,标码女装+女士针织衫,"(100,500]",19.59,"(50,100]",38.89%,"(0%, 50%]","(0,10]",2026/7/24,44,非JIT商品,172,0,Stripe,1,"XL,L,S,M",4,Fall&Winter,https://p16-oec-va.ibyteimg.com/tos-alisg-i-aphluv4xwc-sg/e1b9edd879784e0e8fcaf716e64e355b~tplv-o3syd03w52-resize-jpeg:1000:1000.image?,https://shop.tiktok.com/view/product/1729878647362197670?region=GB&locale=en,王可心,4.4,39,11,50,2026/9/8
2026/9/6,GB,UK,高动销,1729635120553630318,S250911020749,LINGliang Fashion,非SKM商家,标码女装,女士针织衫,毛衣套头衫,标码女装+女士针织衫,"(100,500]",22.55,"(30,50]",-66.67%,负增长,"(0,10]",2025/9/15,356,JIT商品,0,"19,793","Black,White,Brown,Pink,Gray,Orange,Beige,Red",8,"S,XL,XXXL,L,XXL,M",6,未知/未配置,https://p16-oec-va.ibyteimg.com/tos-alisg-i-aphluv4xwc-sg/940b0df044c04a588d718cd4db9abe0b~tplv-o3syd03w52-resize-jpeg:1000:1000.image?,https://shop.tiktok.com/view/product/1729635120553630318?region=GB&locale=en,沈亦莎,4.6,13,0,87,2026/9/8
2026/9/6,GB,UK,高动销,1729401261800525547,S230908004757,Bettlity,非SKM商家,标码女装,女士针织衫,毛衣套头衫,标码女装+女士针织衫,"(10000,+∞)",17.75,"(30,50]",57.14%,"(50%, 100%]","(0,10]",2023/9/22,"1,080",非JIT商品,706,0,"Deep red,Off white,Coffee Brown*1 pc+Red*1 pc,Coffee Brown*1 pc+Black*1 pc,Black*1 pc+Gray*1 pc,White*1 pc+Gray*1 pc,Grey,Black,Coffee brown,Coffee Brown*1 pc+White*1 pc,White*1 pc+Black*1 pc,Coffee Brown*1 pc+Gray*1 pc",12,"XL,M,XS,XXL,L,S",6,Winter,https://p16-oec-eu-common-no.tiktokcdn-eu.com/tos-no1a-i-t5fjg24jzw-no/ae8c9960b6964688abca6da6420e70f1~tplv-t5fjg24jzw-resize-jpeg:1000:1000.image?,https://shop.tiktok.com/view/product/1729401261800525547?region=GB&locale=en,沈亦莎,4.9,45,0,55,2026/9/8
2026/9/6,GB,UK,高动销,1729425526823554373,S240813004965,YouAnnn,非SKM商家,标码女装,女士针织衫,毛衣套头衫,标码女装+女士针织衫,"(10000,+∞)",18.61,"(30,50]",-35.29%,负增长,"(0,10]",2024/8/26,741,非JIT商品,344,0,"Bright orange,Emerald green,Red*1 pc+Gray*1 pc+Blue*1 pc,Rust orange,Blue,Grey,Green,Royal blue,Deep red,Lilac,Bright yellow,Bright Yellow*1 pc+Gray*1 pc+Blue*1 pc",12,"S,M,XXL,XL,L",5,未知/未配置,https://p16-oec-va.ibyteimg.com/tos-alisg-i-aphluv4xwc-sg/86a0f57463dc4f2d9b3cd1249216cf93~tplv-o3syd03w52-resize-jpeg:1000:1000.image?,https://shop.tiktok.com/view/product/1729425526823554373?region=GB&locale=en,沈亦莎,4.8,39,0,61,2026/9/8
2026/9/6,GB,UK,高动销,1729892828104071790,S260811035893,LINGliang Fashion,非SKM商家,标码女装,女士针织衫,开衫,标码女装+女士针织衫,"(0,100]",32.78,"(30,50]",-38.89%,负增长,"(0,10]",2026/8/11,26,JIT商品,1,"10,935","Black,Silver gray,Royal blue,Hot pink,Lavender,Sky blue,Red,Mint green,Pink,Cream,Fawn brown",11,One-size,1,Fall&Winter,https://p16-oec-va.ibyteimg.com/tos-alisg-i-aphluv4xwc-sg/9eb13db00ed545c8b9938680397097df~tplv-o3syd03w52-resize-jpeg:1000:1000.image?,https://shop.tiktok.com/view/product/1729892828104071790?region=GB&locale=en,沈亦莎,4.6,51,0,49,2026/9/8
2026/9/6,GB,UK,高动销,1729694303605332293,S251117098050,YouAnnn,非SKM商家,标码女装,女士针织衫,开衫,标码女装+女士针织衫,"(2000,5000]",23.11,"(30,50]",14.29%,"(0%, 50%]","(0,10]",2025/11/24,286,非JIT商品,213,0,"Camel,Brown,Gray",3,"S,XXL,XL,M,L",5,未知/未配置,https://p16-oec-va.ibyteimg.com/tos-alisg-i-aphluv4xwc-sg/4eb7cfc773c14e23a91685c660256c8e~tplv-o3syd03w52-resize-jpeg:1000:1000.image?,https://shop.tiktok.com/view/product/1729694303605332293?region=GB&locale=en,沈亦莎,4.8,48,0,52,2026/9/8
2026/9/6,GB,UK,高动销,1729427915708731115,S240901001079,Bettlity,非SKM商家,标码女装,女士针织衫,毛织长裤套装,标码女装+女士针织衫,"(10000,+∞)",31.15,"(30,50]",8.33%,"(0%, 50%]","(0,10]",2024/9/23,713,非JIT商品,369,0,"Pebble lime,Khaki,Black,Copper brown",4,"XL,XXL,M,S,L",5,未知/未配置,https://p16-oec-eu-common-no.tiktokcdn-eu.com/tos-no1a-i-t5fjg24jzw-no/3f03e21893944280af861552213a845e~tplv-t5fjg24jzw-resize-jpeg:1000:1000.image?,https://shop.tiktok.com/view/product/1729427915708731115?region=GB&locale=en,沈亦莎,4.9,68,0,32,2026/9/8
2026/9/6,GB,UK,高动销,1729424190023568709,S240803002111,YouAnnn,非SKM商家,标码女装,女士针织衫,毛衣套头衫,标码女装+女士针织衫,"(2000,5000]",23.52,"(30,50]",-12.50%,负增长,"(0,10]",2024/8/13,754,非JIT商品,223,0,"Rust orange,Black,Light wash,Pebble lime",4,"XXL,L,S,XL,M",5,未知/未配置,https://p16-oec-eu-common-no.tiktokcdn-eu.com/tos-no1a-i-t5fjg24jzw-no/6c270413df654e6cb40f5f7319b0b959~tplv-t5fjg24jzw-resize-jpeg:1000:1000.image?,https://shop.tiktok.com/view/product/1729424190023568709?region=GB&locale=en,沈亦莎,4.8,49,3,48,2026/9/8
2026/9/6,GB,UK,高动销,1729680010465286469,S251030038492,YouAnnn,非SKM商家,标码女装,女士针织衫,毛衣套头衫,标码女装+女士针织衫,"(2000,5000]",18.28,"(10,30]",-77.27%,负增长,"(0,10]",2025/11/4,306,非JIT商品,219,0,"Black,Dark violet,Brown,Leaf green,Silver,Navy blue,White",7,"XL,XXL,S,M,L",5,未知/未配置,https://p16-oec-eu-common-no.tiktokcdn-eu.com/tos-no1a-i-t5fjg24jzw-no/d2da379ab8e741e0a254fa4bcf91c641~tplv-t5fjg24jzw-resize-jpeg:1000:1000.image?,https://shop.tiktok.com/view/product/1729680010465286469?region=GB&locale=en,沈亦莎,4.8,66,0,34,2026/9/8
2026/9/6,GB,UK,高动销,1729597591334918469,S250730011868,YouAnnn,非SKM商家,标码女装,女士针织衫,开衫,标码女装+女士针织衫,"(2000,5000]",24.87,"(10,30]",-46.67%,负增长,"(0,10]",2025/8/5,397,非JIT商品,493,0,"Brown,Light wash,Pink,Orange,Yellow,Gray,Navy blue,Red,Green,White",10,"XXL,L,XL,M,S",5,未知/未配置,https://p16-oec-va.ibyteimg.com/tos-alisg-i-aphluv4xwc-sg/1d4bbec68c6a477c83ba84c1ae80855c~tplv-o3syd03w52-resize-jpeg:1000:1000.image?,https://shop.tiktok.com/view/product/1729597591334918469?region=GB&locale=en,沈亦莎,4.8,45,0,55,2026/9/8
2026/9/6,GB,UK,高动销,1729429367562800410,S241007000270,LILYTREE,非SKM商家,标码女装,女士针织衫,开衫,标码女装+女士针织衫,"(5000,10000]",26.42,"(10,30]",0.00%,持平,"(0,10]",2024/12/23,622,非JIT商品,404,0,"Off white,Coffee brown,Blue,Khaki,Lime red,Pink,Mint green,Black",8,"L,M,S,XL",4,未知/未配置,https://p16-oec-eu-common-no.tiktokcdn-eu.com/tos-no1a-i-t5fjg24jzw-no/f6bcd78e3c3f463d9561c3326180cbde~tplv-t5fjg24jzw-resize-jpeg:1000:1000.image?,https://shop.tiktok.com/view/product/1729429367562800410?region=GB&locale=en,沈亦莎,4.4,71,0,29,2026/9/8
2026/9/6,GB,UK,高动销,1729421795554070012,S240628002645,Hi anan,非SKM商家,标码女装,女士针织衫,毛衣套头衫,标码女装+女士针织衫,"(5000,10000]",19.21,"(10,30]",12.50%,"(0%, 50%]","(0,10]",2024/7/17,781,非JIT商品,425,0,"Dusty blue,Deep red,Pebble lime,Black,Green,Grey,Camel,Pink",8,"XL,XXL,S,M,L",5,未知/未配置,https://p16-oec-va.ibyteimg.com/tos-alisg-i-aphluv4xwc-sg/5d380952f3d0414aae5205f2e6b36304~tplv-o3syd03w52-resize-jpeg:1000:1000.image?,https://shop.tiktok.com/view/product/1729421795554070012?region=GB&locale=en,沈亦莎,4.9,38,4,58,2026/9/8
2026/9/6,GB,UK,高动销,1729640824867559749,S250914019622,YouAnnn,非SKM商家,标码女装,女士针织衫,毛衣套头衫,标码女装+女士针织衫,"(500,1000]",20.33,"(0,10]",-50.00%,负增长,"(0,10]",2025/9/21,350,非JIT商品,34,0,"Brown,Black",2,"L,XL,S,XXL,M",5,Fall&Winter,https://p16-oec-va.ibyteimg.com/tos-alisg-i-aphluv4xwc-sg/8d2841d8d8a04f8eab76e737fc043112~tplv-o3syd03w52-resize-jpeg:1000:1000.image?,https://shop.tiktok.com/view/product/1729640824867559749?region=GB&locale=en,沈亦莎,4.8,67,0,33,2026/9/8
2026/9/6,US,US,高动销,1732436212305204136,S260610003638,Chic Weaves,非SKM商家,标码女装,女士针织衫,开衫,标码女装+女士针织衫,"(10000,+∞)",18.69,"(100,+∞)",84.87%,"(50%, 100%]","(200,500]",2026/6/12,86,非JIT商品,"1,358",1,"Cranberry Red - Multicolor 9,Pink - Multicolor 2,Purple - Multicolor 3,Multi-color,Apricot Color - Multicolor 4,White - Multicolor 8,Colorful 6 — mixed colors,Light Blue - Multicolor 5,Denim blue - color 7,Grass green - multicolor 10",10,"M,S,XL,L,XXL",5,Fall&Winter,https://p16-oec-va.ibyteimg.com/tos-maliva-i-o3syd03w52-us/3377b9f9af2146b88ad37e9bb64f79f7~tplv-o3syd03w52-resize-jpeg:1000:1000.image?,https://shop.tiktok.com/view/product/1732436212305204136?region=US&locale=en,王可心,4.7,77,4,19,2026/9/8
2026/9/6,US,US,高动销,1730436496285667653,S241230003739,YouAnnn,非SKM商家,标码女装,女士针织衫,毛衣套头衫,标码女装+女士针织衫,"(10000,+∞)",21.70,"(100,+∞)",11.55%,"(0%, 50%]","(50,100]",2025/1/6,608,非JIT商品,"1,117",0,"Red,Army green,Gray,Brown red,Apricot,Brown",6,"M,S,XL,L,XXL",5,未知/未配置,https://p16-oec-ttp.tiktokcdn-us.com/tos-useast5-i-omjb5zjo8w-tx/a5ed1e7d92d84ff1a938439970489312~tplv-omjb5zjo8w-resize-jpeg:1000:1000.image?,https://shop.tiktok.com/view/product/1730436496285667653?region=US&locale=en,沈亦莎,4.3,68,0,32,2026/9/8
2026/9/6,US,US,高动销,1732131339822272837,S251206184055,YouAnnn,非SKM商家,标码女装,女士针织衫,开衫,标码女装+女士针织衫,"(2000,5000]",20.05,"(100,+∞)",1.82%,"(0%, 50%]","(50,100]",2025/12/20,260,非JIT商品,454,0,"Multicolor2,Fawn brown,Mulberry",3,"M,S,XL,L,XXL",5,未知/未配置,https://p16-oec-va.ibyteimg.com/tos-maliva-i-o3syd03w52-us/4ed8d2ff7e834308983c4df2bc118f66~tplv-o3syd03w52-resize-jpeg:1000:1000.image?,https://shop.tiktok.com/view/product/1732131339822272837?region=US&locale=en,沈亦莎,4.3,77,0,23,2026/9/8
2026/9/6,US,US,高动销,1731761022658515452,S250906034461,Hi anan,非SKM商家,标码女装,女士针织衫,毛衣套头衫,标码女装+女士针织衫,"(10000,+∞)",13.33,"(100,+∞)",23.41%,"(0%, 50%]","(50,100]",2025/9/12,359,非JIT商品,"2,592",0,"Navy blue,White,Black,Dark brown,Apricot,Copper brown,Burgundy",7,"M,S,XL,L",4,未知/未配置,https://p16-oec-va.ibyteimg.com/tos-maliva-i-o3syd03w52-us/b2cd34ce1806424484997e452910f76e~tplv-o3syd03w52-resize-jpeg:1000:1000.image?,https://shop.tiktok.com/view/product/1731761022658515452?region=US&locale=en,沈亦莎,4.8,55,1,44,2026/9/8
2026/9/6,US,US,高动销,1729443593414414578,S240218002300,Morrie Moon,非SKM商家,标码女装,女士针织衫,开衫,标码女装+女士针织衫,"(10000,+∞)",26.78,"(100,+∞)",85.00%,"(50%, 100%]","(30,50]",2024/2/26,923,非JIT商品,635,0,"Light green,Light blue,Navy blue,Lilac,Dusty blue,Black,Off white,Green,Grey,Pink,Hot pink,Fawn Brown,Deep red,Bright orange,Bright yellow,Burgundy",16,"M,S,XL,L,XXL",5,未知/未配置,https://p16-oec-ttp.tiktokcdn-us.com/tos-useast5-i-omjb5zjo8w-tx/14cc09b05be84caeb2a765f4d68f69f0~tplv-omjb5zjo8w-resize-jpeg:1000:1000.image?,https://shop.tiktok.com/view/product/1729443593414414578?region=US&locale=en,王可心,4.8,65,1,34,2026/9/8
2026/9/6,US,US,高动销,1731739733524844826,S250901024365,LILYTREE,非SKM商家,标码女装,女士针织衫,开衫,标码女装+女士针织衫,"(5000,10000]",27.88,"(100,+∞)",29.81%,"(0%, 50%]","(30,50]",2025/9/9,362,非JIT商品,670,0,"Khaki,Red,Gray,Black",4,"M,S,L,XL",4,未知/未配置,https://p16-oec-va.ibyteimg.com/tos-maliva-i-o3syd03w52-us/a4c6c0086c7146f6ab1ef78a488a4cda~tplv-o3syd03w52-resize-jpeg:1000:1000.image?,https://shop.tiktok.com/view/product/1731739733524844826?region=US&locale=en,沈亦莎,4.4,63,4,33,2026/9/8
2026/9/6,US,US,高动销,1732502418826236395,S260720024520,Finjani Plus,非SKM商家,大码女装,女士针织衫,毛衣开衫,大码女装+女士针织衫,"(500,1000]",24.68,"(100,+∞)",11.59%,"(0%, 50%]","(10,30]",2026/7/20,48,JIT商品,747,299,"Green,Purple,Pink,Hot pink,Orange,Multi-color,White,Sky blue,Apricot,Blue",10,"5XL,4XL,6XL,1XL,0XL,3XL,2XL",7,Spring&Fall,https://p16-oec-va.ibyteimg.com/tos-maliva-i-o3syd03w52-us/58955aac16ef43729fc72b60a3bd67f5~tplv-o3syd03w52-resize-jpeg:1000:1000.image?,https://shop.tiktok.com/view/product/1732502418826236395?region=US&locale=en,张宇,4.7,39,1,60,2026/9/8
2026/9/6,US,US,高动销,1729455646294971115,S240315002917,Bettlity,非SKM商家,标码女装,女士针织衫,开衫,标码女装+女士针织衫,"(10000,+∞)",22.03,"(100,+∞)",55.56%,"(50%, 100%]","(10,30]",2024/3/27,893,非JIT商品,411,0,"Pink,Khaki,Cream,Orange,Black,Turquoise blue",6,"M,S,XL,L,XXL",5,未知/未配置,https://p16-oec-ttp.tiktokcdn-us.com/tos-useast5-i-omjb5zjo8w-tx/2ad34867e26b4aec8cd17c2275c382ab~tplv-omjb5zjo8w-resize-jpeg:1000:1000.image?,https://shop.tiktok.com/view/product/1729455646294971115?region=US&locale=en,沈亦莎,4.6,38,26,36,2026/9/8
2026/9/6,US,US,高动销,1732521731500511357,S260727034399,SS VARAH,非SKM商家,大码女装,女士针织衫,毛衣开衫,大码女装+女士针织衫,"(500,1000]",24.62,"(100,+∞)",-87.85%,负增长,"(0,10]",2026/7/30,38,JIT商品,365,189,"Khaki,Brownish green,Gray,White,Black",5,"4XL,1XL,3XL,2XL",4,Spring&Fall,https://p16-oec-va.ibyteimg.com/tos-alisg-i-aphluv4xwc-sg/5ceb709926874e75bafdf1c07355fa6a~tplv-o3syd03w52-resize-jpeg:1000:1000.image?,https://shop.tiktok.com/view/product/1732521731500511357?region=US&locale=en,郑川粤,4.5,14,74,12,2026/9/8
2026/9/6,US,US,高动销,1731996171750576636,S251029048976,Hi anan,非SKM商家,标码女装,女士针织衫,毛衣套头衫,标码女装+女士针织衫,"(2000,5000]",12.64,"(100,+∞)",11.54%,"(0%, 50%]","(10,30]",2025/10/29,312,JIT商品,681,0,"Camel,White,Black,Apricot,Burgundy",5,"M,S,XL,L",4,未知/未配置,https://p16-oec-va.ibyteimg.com/tos-maliva-i-o3syd03w52-us/16d212a844594b019a9bd43300a96757~tplv-o3syd03w52-resize-jpeg:1000:1000.image?,https://shop.tiktok.com/view/product/1731996171750576636?region=US&locale=en,沈亦莎,4.8,20,1,79,2026/9/8
2026/9/6,US,US,高动销,1732499351486304985,S260718011026,Elegance Wrap,非SKM商家,标码女装,女士针织衫,毛衣套头衫,标码女装+女士针织衫,"(100,500]",25.40,"(100,+∞)",156.00%,"(100%, 300%]","(10,30]",2026/7/18,50,JIT商品,303,0,"Yellow,Blue",2,"M,S,XL,L,XS",5,Fall&Winter,https://p16-oec-va.ibyteimg.com/tos-maliva-i-o3syd03w52-us/f96acbcee6984e0ba545f5efe1ab552e~tplv-o3syd03w52-resize-jpeg:1000:1000.image?,https://shop.tiktok.com/view/product/1732499351486304985?region=US&locale=en,沈亦莎,4.6,56,0,44,2026/9/8
2026/9/6,US,US,高动销,1732472537355031464,S260703016498,Chic Weaves,非SKM商家,标码女装,女士针织衫,开衫,标码女装+女士针织衫,"(500,1000]",29.08,"(50,100]",128.00%,"(100%, 300%]","(10,30]",2026/7/6,62,非JIT商品,262,0,"Medium wash,Lemon yellow,Green",3,"M,S,XL,L,XXL",5,Fall&Winter,https://p16-oec-va.ibyteimg.com/tos-maliva-i-o3syd03w52-us/4fabfa2f2a9a4d3fb168c16f9277f75d~tplv-o3syd03w52-resize-jpeg:1000:1000.image?,https://shop.tiktok.com/view/product/1732472537355031464?region=US&locale=en,王可心,4.7,63,6,31,2026/9/8
2026/9/6,US,US,高动销,1731461655821980670,S250715007007,Knit Mix-Frenchy,非SKM商家,标码女装,女士针织衫,毛衣套头衫,标码女装+女士针织衫,"(2000,5000]",12.59,"(50,100]",-65.57%,负增长,"(0,10]",2025/7/15,418,JIT商品,"1,689",0,"Red,Navy blue,Army green,Gray,Black,Dark green,Light wash,Turquoise green,Blue,Green,Purple,Pink,Wine red,Hot pink,Yellow,Mulberry,Brown",17,"M,S,XS,XL,XXL,L",6,未知/未配置,https://p16-oec-ttp.tiktokcdn-us.com/tos-useast5-i-omjb5zjo8w-tx/0450034574394a1e8f5916ae399e687a~tplv-omjb5zjo8w-resize-jpeg:1000:1000.image?,https://shop.tiktok.com/view/product/1731461655821980670?region=US&locale=en,沈亦莎,2.8,36,15,49,2026/9/8
2026/9/6,US,US,高动销,1731917454739936026,S251013037543,FASHION DOLA,非SKM商家,标码女装,女士针织衫,毛衣套头衫,标码女装+女士针织衫,"(1000,2000]",18.42,"(50,100]",10.34%,"(0%, 50%]","(0,10]",2025/10/24,317,非JIT商品,268,0,"Blue,Light blue,Navy blue,Multicolor,Fawn brown,Deep blue,Brown",7,"M,S,L,XL,XXL,XS",6,未知/未配置,https://p16-oec-va.ibyteimg.com/tos-maliva-i-o3syd03w52-us/e62fa771b05b4e24b91c2107554151a6~tplv-o3syd03w52-resize-jpeg:1000:1000.image?,https://shop.tiktok.com/view/product/1731917454739936026?region=US&locale=en,沈亦莎,4.2,30,0,70,2026/9/8
2026/9/6,US,US,高动销,1729495153140273318,S240523007211,Agivvia,非SKM商家,标码女装,女士针织衫,毛衣套头衫,标码女装+女士针织衫,"(10000,+∞)",19.88,"(50,100]",52.00%,"(50%, 100%]","(10,30]",2024/6/11,817,非JIT商品,353,0,"Multicolor2*1 pc+Multicolor4*1 pc,Navy blue,Multicolor1*1 pc+Multicolor2*1 pc,Multicolor4*1 pc+Multicolor5*1 pc,Multicolor1,Multicolor1*1 pc+Multicolor5*1 pc,Coffee brown,Multicolor3*1 pc+Multicolor4*1 pc,Multicolor5,Multicolor1*1 pc+Multicolor4*1 pc,Multicolor2,Multicolor3,Multicolor4,Burgundy",14,"M,S,L,XL",4,未知/未配置,https://p16-oec-va.ibyteimg.com/tos-maliva-i-o3syd03w52-us/276e311f4a4c4dea8040924e12d3934a~tplv-o3syd03w52-resize-jpeg:1000:1000.image?,https://shop.tiktok.com/view/product/1729495153140273318?region=US&locale=en,王可心,3.7,33,3,64,2026/9/8
2026/9/6,US,US,高动销,1731461858342704126,S250715008377,Knit Mix-Frenchy,非SKM商家,标码女装,女士针织衫,毛衣套头衫,标码女装+女士针织衫,"(10000,+∞)",15.98,"(50,100]",-58.54%,负增长,"(0,10]",2025/7/15,418,JIT商品,"1,365",0,"Bright blue,Royal blue,Iron gray,Orange,Red,Olive green,Army green,Black,Dark orange,Dark gray,Dark green,Light wash,Turquoise blue,Blue,Green,Purple,Wine red,Hot pink,Yellow,Chartreuse,Lime red,Mauve purple,Brown",23,"M,S,L,XL,XXL,XS",6,未知/未配置,https://p16-oec-ttp.tiktokcdn-us.com/tos-useast5-i-omjb5zjo8w-tx/a90d077fe259477bb6575b35b321a8f8~tplv-omjb5zjo8w-resize-jpeg:1000:1000.image?,https://shop.tiktok.com/view/product/1731461858342704126?region=US&locale=en,沈亦莎,2.8,45,3,52,2026/9/8
2026/9/6,US,US,高动销,1732539879270617596,S260807033575,Hi anan,非SKM商家,标码女装,女士针织衫,毛衣连衣裙,标码女装+女士针织衫,"(0,100]",19.72,"(50,100]",200.00%,"(100%, 300%]","(10,30]",2026/8/15,22,非JIT商品,68,0,"Gray,White,Black",3,"M,S,XL,L",4,Fall&Winter,https://p16-oec-va.ibyteimg.com/tos-alisg-i-aphluv4xwc-sg/8154ee0cbde142a7a2379ffc55380917~tplv-o3syd03w52-resize-jpeg:1000:1000.image?,https://shop.tiktok.com/view/product/1732539879270617596?region=US&locale=en,沈亦莎,4.8,15,0,85,2026/9/8
2026/9/6,US,US,高动销,1729496934454038857,S240602002202,XL Sweat,非SKM商家,大码女装,女士针织衫,毛衣开衫,大码女装+女士针织衫,"(10000,+∞)",26.44,"(50,100]",4.55%,"(0%, 50%]","(0,10]",2024/6/14,814,非JIT商品,927,0,"Brown,Grey,Purple,Pink,Khaki,Orange,Lemon yellow,Deep red,Black,Dark wash,Green",11,"5XL,4XL,1XL,0XL,3XL,2XL",6,Spring&Fall,https://p16-oec-ttp.tiktokcdn-us.com/tos-useast5-i-omjb5zjo8w-tx/966b6650db934fa5ac0bc1f035c60342~tplv-omjb5zjo8w-resize-jpeg:1000:1000.image?,https://shop.tiktok.com/view/product/1729496934454038857?region=US&locale=en,张宇,4.7,55,2,43,2026/9/8
2026/9/6,US,US,高动销,1732474074822316968,S260704012803,Chic Weaves,非SKM商家,标码女装,女士针织衫,毛衣套头衫,标码女装+女士针织衫,"(100,500]",21.29,"(30,50]",222.22%,"(100%, 300%]","(0,10]",2026/7/6,62,非JIT商品,86,0,"Pink,Orange,Red",3,"M,S,L,XL,XXL",5,Fall&Winter,https://p16-oec-va.ibyteimg.com/tos-maliva-i-o3syd03w52-us/646c488a4ed94e2bb5d84d87e51e48a7~tplv-o3syd03w52-resize-jpeg:1000:1000.image?,https://shop.tiktok.com/view/product/1732474074822316968?region=US&locale=en,王可心,4.7,11,13,76,2026/9/8
2026/9/6,US,US,高动销,1729648392665469253,S240906009671,YouAnnn,非SKM商家,标码女装,女士针织衫,毛衣套头衫,标码女装+女士针织衫,"(5000,10000]",17.87,"(30,50]",220.00%,"(100%, 300%]","(10,30]",2024/9/18,718,非JIT商品,612,0,"Blue,Grey,Hot pink,Red,Fawn Brown,Yellow,Dark gray,Green",8,"M,S,XL,L,XXL",5,未知/未配置,https://p16-oec-ttp.tiktokcdn-us.com/tos-useast5-i-omjb5zjo8w-tx/a10dfba72e6d479d9e3e6fe2cb12a3ab~tplv-omjb5zjo8w-resize-jpeg:1000:1000.image?,https://shop.tiktok.com/view/product/1729648392665469253?region=US&locale=en,沈亦莎,4.3,22,29,49,2026/9/8
2026/9/6,US,US,高动销,1729398918004708075,S230825007612,Bettlity,非SKM商家,标码女装,女士针织衫,开衫,标码女装+女士针织衫,"(10000,+∞)",24.86,"(30,50]",85.71%,"(50%, 100%]","(0,10]",2023/9/13,"1,089",非JIT商品,150,0,"Grey,Pink,Deep red,Black,Green",5,"M,S,XL,L,XXL",5,Fall&Winter,https://p16-oec-va.ibyteimg.com/tos-maliva-i-o3syd03w52-us/70ed357c86344e9db0b40404b7b89252~tplv-o3syd03w52-resize-jpeg:1000:1000.image?,https://shop.tiktok.com/view/product/1729398918004708075?region=US&locale=en,沈亦莎,4.6,41,0,59,2026/9/8
2026/9/6,US,US,高动销,1732520785593471484,S260728024530,Hi anan,非SKM商家,标码女装,女士针织衫,毛衣套头衫,标码女装+女士针织衫,"(100,500]",19.05,"(30,50]",69.23%,"(50%, 100%]","(0,10]",2026/8/1,36,非JIT商品,104,0,"Khaki,Black,Dark gray",3,"M,S,XL,L",4,Fall&Winter,https://p16-oec-va.ibyteimg.com/tos-maliva-i-o3syd03w52-us/ef26a2ce072445c692572ce7ffafb5c6~tplv-o3syd03w52-resize-jpeg:1000:1000.image?,https://shop.tiktok.com/view/product/1732520785593471484?region=US&locale=en,沈亦莎,4.8,56,0,44,2026/9/8
2026/9/6,US,US,高动销,1731787639709733643,S250813010849,Bettina Closet,非SKM商家,标码女装,女士针织衫,开衫,标码女装+女士针织衫,"(500,1000]",16.46,"(30,50]",30.00%,"(0%, 50%]","(0,10]",2025/9/17,354,非JIT商品,237,0,"Burgundy,Brown,Silver,Gray,Green",5,"M,S,XL,L",4,未知/未配置,https://p16-oec-ttp.tiktokcdn-us.com/tos-useast5-i-omjb5zjo8w-tx/d20154588af14486842e2ff9fd94aac6~tplv-omjb5zjo8w-resize-jpeg:1000:1000.image?,https://shop.tiktok.com/view/product/1731787639709733643?region=US&locale=en,沈亦莎,3.9,35,0,65,2026/9/8
2026/9/6,US,US,高动销,1729574434882163435,S240721000698,Bettlity,非SKM商家,标码女装,女士针织衫,开衫,标码女装+女士针织衫,"(2000,5000]",19.40,"(10,30]",-37.50%,负增长,"(0,10]",2024/8/5,762,非JIT商品,49,0,Multicolor,1,"M,S,L,XL,XXL",5,Fall&Winter,https://p16-oec-ttp.tiktokcdn-us.com/tos-useast5-i-omjb5zjo8w-tx/da2ca8a932a74af68d99ed68f28ccc49~tplv-omjb5zjo8w-resize-jpeg:1000:1000.image?,https://shop.tiktok.com/view/product/1729574434882163435?region=US&locale=en,沈亦莎,4.6,29,0,71,2026/9/8
2026/9/6,US,US,高动销,1732537789931819085,S260806030215,YarnPop,非SKM商家,标码女装,女士针织衫,毛衣套头衫,标码女装+女士针织衫,"(0,100]",27.96,"(10,30]",-50.00%,负增长,"(0,10]",2026/8/6,31,JIT商品,4,343,"Navy blue,Light pink,off-white,light yellow,Black",5,"M,S,L,XL",4,Fall&Winter,https://p16-oec-va.ibyteimg.com/tos-maliva-i-o3syd03w52-us/6c8fd46b0d6543b5940d356690b448df~tplv-o3syd03w52-resize-jpeg:1000:1000.image?,https://shop.tiktok.com/view/product/1732537789931819085?region=US&locale=en,王可心,4.2,0,0,100,2026/9/8
2026/9/6,US,US,高动销,1732068854140342300,S251119029520,Design Weave,非SKM商家,标码女装,女士针织衫,毛衣套头衫,标码女装+女士针织衫,"(0,100]",25.59,"(10,30]",-42.86%,负增长,"(0,10]",2025/11/19,291,JIT商品,0,943,Khaki,1,"M,S,XL,L,XXL",5,Fall&Winter,https://p16-oec-ttp.tiktokcdn-us.com/tos-useast5-i-omjb5zjo8w-tx/f683fe3f74064a1c8f91be9ab430d4da~tplv-omjb5zjo8w-resize-jpeg:1000:1000.image?,https://shop.tiktok.com/view/product/1732068854140342300?region=US&locale=en,沈亦莎,3.2,50,0,50,2026/9/8
2026/9/6,US,US,高动销,1732486076842349259,S260711027451,Personalized knittin,非SKM商家,标码女装,女士针织衫,毛衣套头衫,标码女装+女士针织衫,"(100,500]",15.11,"(0,10]",0.00%,持平,"(0,10]",2026/7/13,55,非JIT商品,35,0,Brown,1,"M,S,L,XL",4,Fall&Winter,https://p16-oec-va.ibyteimg.com/tos-maliva-i-o3syd03w52-us/36c072828bc44a7b98ed8cb4777c805f~tplv-o3syd03w52-resize-jpeg:1000:1000.image?,https://shop.tiktok.com/view/product/1732486076842349259?region=US&locale=en,王可心,4.2,0,0,100,2026/9/8
2026/9/6,US,US,高动销,1732515104519196851,S260725021326,ZOVINRIA,SKM商家,标码女装,女士针织衫,毛衣套头衫,标码女装+女士针织衫,"(0,100]",17.57,"(0,10]",,新增动销,"(0,10]",2026/7/31,37,非JIT商品,212,0,"Burgundy,Chocolate brown,Olive green,Black,Fawn brown,Deep blue,Dark green,Light gray,Brown",9,"M,S,L",3,Fall&Winter,https://p16-oec-va.ibyteimg.com/tos-maliva-i-o3syd03w52-us/58c12a06a5244b77a7bbccd62ad35881~tplv-o3syd03w52-resize-jpeg:1000:1000.image?,https://shop.tiktok.com/view/product/1732515104519196851?region=US&locale=en,王可心,3.4,0,0,100,2026/9/8
2026/9/6,US,US,高动销,1732203583963697180,S260107045404,Design Weave,非SKM商家,标码女装,女士针织衫,毛衣套头衫,标码女装+女士针织衫,"(100,500]",20.34,"(0,10]",-100.00%,负增长,"(0,10]",2026/1/7,242,JIT商品,59,"4,948","Multicolor5,Multicolor2,Multicolor3,Multicolor6,Yellow,Multicolor4",6,"M,S,XL,L,XXL",5,Fall&Winter,https://p16-oec-ttp.tiktokcdn-us.com/tos-useast5-i-omjb5zjo8w-tx/7959207058ac4f6fbb13366ea7ab0f65~tplv-omjb5zjo8w-resize-jpeg:1000:1000.image?,https://shop.tiktok.com/view/product/1732203583963697180?region=US&locale=en,沈亦莎,3.2,50,0,50,2026/9/8
2026/9/6,GB,UK,高增速,1729676436894817003,S251018021752,Bettlity,非SKM商家,标码女装,女士针织衫,毛衣套头衫,标码女装+女士针织衫,"(5000,10000]",23.25,"(100,+∞)",-9.70%,负增长,"(100,200]",2025/10/28,313,非JIT商品,"1,849",0,"Navy blue,Coffee brown,Dark gray,Apricot,Olive green",5,"XL,L,S,XXL,M",5,未知/未配置,https://p16-oec-va.ibyteimg.com/tos-alisg-i-aphluv4xwc-sg/c452879b3cb7403f9e5e88aee87fac78~tplv-o3syd03w52-resize-jpeg:1000:1000.image?,https://shop.tiktok.com/view/product/1729676436894817003?region=GB&locale=en,沈亦莎,4.9,77,0,23,2026/9/8
2026/9/6,GB,UK,高增速,1729402033640738394,S231027004255,Orgnvin,非SKM商家,标码女装,女士针织衫,毛衣套头衫,标码女装+女士针织衫,"(10000,+∞)",17.44,"(100,+∞)",-3.96%,负增长,"(50,100]",2023/11/10,"1,031",JIT商品,"1,445","2,001","Hot pink,Pale green,Royal blue,Emerald green,Heather violet,Chartreuse,Multicolor6,Gray,Daffodil yellow,Multicolor7,Mulberry,Multicolor8,Pink and white,Camel,Multicolor4,Dark gray,Multicolor3,Sky blue,Dark green,Multicolor9,Multicolor12,Multicolor11,Burgundy,Multicolor10,Purple,Multicolor2,Brown and white,Coral pink,Multicolor1,Multicolor5,Khaki",31,"M,L,S,XL",4,未知/未配置,https://p16-oec-va.ibyteimg.com/tos-alisg-i-aphluv4xwc-sg/a76ff4d22a094555842a6b3bb15c63b6~tplv-o3syd03w52-resize-jpeg:1000:1000.image?,https://shop.tiktok.com/view/product/1729402033640738394?region=GB&locale=en,王可心,4.8,67,0,33,2026/9/8
2026/9/6,GB,UK,高增速,1729429263761771762,S240924010600,Morrie Moon,非SKM商家,标码女装,女士针织衫,毛衣套头衫,标码女装+女士针织衫,"(10000,+∞)",21.60,"(100,+∞)",25.74%,"(0%, 50%]","(10,30]",2024/10/10,696,非JIT商品,896,0,"Orange,Reddish purple,Pink,Brown,Black and gray,Beige,Multicolor1,Off white,Deep red,Blue,Army green,Black,Mocha brown,Coffee brown,Dark gray",15,"XL,M,XXL,S,L",5,未知/未配置,https://p16-oec-eu-common-no.tiktokcdn-eu.com/tos-no1a-i-t5fjg24jzw-no/bbe7b44003804794bd8aae89b02f26e7~tplv-t5fjg24jzw-resize-jpeg:1000:1000.image?,https://shop.tiktok.com/view/product/1729429263761771762?region=GB&locale=en,王可心,4.7,66,0,34,2026/9/8
2026/9/6,GB,UK,高增速,1729437073441656602,S241124000496,FASHION DOLA,非SKM商家,标码女装,女士针织衫,毛衣套头衫,标码女装+女士针织衫,"(10000,+∞)",18.55,"(100,+∞)",-3.03%,负增长,"(10,30]",2024/11/27,648,非JIT商品,148,0,"Multicolor3,Multicolor2,Multicolor1,Cloud white,Yellow,Pink,Baby pink,Black,Grey",9,"XXL,L,XS,S,M,XL",6,未知/未配置,https://p16-oec-va.ibyteimg.com/tos-alisg-i-aphluv4xwc-sg/bb86a1abcc3740cf8adc81b79bf68bbf~tplv-o3syd03w52-resize-jpeg:1000:1000.image?,https://shop.tiktok.com/view/product/1729437073441656602?region=GB&locale=en,沈亦莎,4.9,64,0,36,2026/9/8
2026/9/6,GB,UK,高增速,1729876662323615917,S260719021563,ZIZI Sweater,非SKM商家,大码女装,女士针织衫,毛衣套头衫,大码女装+女士针织衫,"(100,500]",23.89,"(50,100]",557.14%,"(500%, +∞)","(0,10]",2026/8/1,36,非JIT商品,472,0,"Hot pink,Army green,Black,Red,Gray",5,"2XL,3XL,1XL,4XL",4,Fall&Winter,https://p16-oec-va.ibyteimg.com/tos-alisg-i-aphluv4xwc-sg/f7511fb7795540549cc9f663d4aa4882~tplv-o3syd03w52-resize-jpeg:1000:1000.image?,https://shop.tiktok.com/view/product/1729876662323615917?region=GB&locale=en,郑川粤,4.3,84,0,16,2026/9/8
2026/9/6,GB,UK,高增速,1729563132288211140,S250626015103,FACIO Direct,非SKM商家,标码女装,女士针织衫,开衫,标码女装+女士针织衫,"(1000,2000]",25.81,"(50,100]",41.67%,"(0%, 50%]","(10,30]",2025/7/3,430,非JIT商品,139,0,"Beige,Red,Black,Khaki",4,"S,L,M,XL",4,未知/未配置,https://p16-oec-va.ibyteimg.com/tos-alisg-i-aphluv4xwc-sg/4995433b8088432db5c70baaef2f7742~tplv-o3syd03w52-resize-jpeg:1000:1000.image?,https://shop.tiktok.com/view/product/1729563132288211140?region=GB&locale=en,沈亦莎,4.8,45,0,55,2026/9/8
2026/9/6,GB,UK,高增速,1729626221676239044,S250825032691,FACIO Direct,非SKM商家,标码女装,女士针织衫,开衫,标码女装+女士针织衫,"(2000,5000]",19.76,"(50,100]",188.89%,"(100%, 300%]","(10,30]",2025/9/4,367,非JIT商品,195,0,"Brown,Pink,Dark gray,Gray,Beige,Green,Burgundy,White,Black,Dark wash,Coffee brown",11,"S,L,M,XL",4,未知/未配置,https://p16-oec-va.ibyteimg.com/tos-alisg-i-aphluv4xwc-sg/9fdd727985964d4fafe6d1ebf5ea3649~tplv-o3syd03w52-resize-jpeg:1000:1000.image?,https://shop.tiktok.com/view/product/1729626221676239044?region=GB&locale=en,沈亦莎,4.8,31,0,69,2026/9/8
2026/9/6,GB,UK,高增速,1729553039952156997,S250619005766,YouAnnn,非SKM商家,标码女装,女士针织衫,开衫,标码女装+女士针织衫,"(500,1000]",25.00,"(50,100]",-22.50%,负增长,"(0,10]",2025/6/25,438,非JIT商品,479,0,"Yellow,Brown,Pink,Deep red,Beige,Black,Army green,Gray,Navy blue",9,"XXL,XL,S,L,M",5,未知/未配置,https://p16-oec-eu-common-no.tiktokcdn-eu.com/tos-no1a-i-t5fjg24jzw-no/fd3c061a5c824a5893a1f373d11990c6~tplv-t5fjg24jzw-resize-jpeg:1000:1000.image?,https://shop.tiktok.com/view/product/1729553039952156997?region=GB&locale=en,沈亦莎,4.8,76,0,24,2026/9/8
2026/9/6,GB,UK,高增速,1729870717049870665,S260711016780,XL Sweat,非SKM商家,大码女装,女士针织衫,毛衣套头衫,大码女装+女士针织衫,"(100,500]",19.30,"(50,100]",-66.67%,负增长,"(0,10]",2026/7/14,54,非JIT商品,164,0,"Dark green,Coffee brown,Black",3,"2XL,4XL,3XL,1XL",4,Spring&Fall,https://p16-oec-va.ibyteimg.com/tos-alisg-i-aphluv4xwc-sg/fd3717e6d68b4fe7afe469ffffa5d853~tplv-o3syd03w52-resize-jpeg:1000:1000.image?,https://shop.tiktok.com/view/product/1729870717049870665?region=GB&locale=en,张宇,4.9,53,3,44,2026/9/8
2026/9/6,GB,UK,高增速,1729410919915556169,S240602002202,XL Sweat,非SKM商家,大码女装,女士针织衫,毛衣开衫,大码女装+女士针织衫,"(10000,+∞)",24.45,"(50,100]",6.67%,"(0%, 50%]","(0,10]",2024/6/14,814,非JIT商品,927,0,"Purple,Lemon yellow,Orange,Dark wash,Brown,Deep red,Grey,Pink,Black,Khaki,Green",11,"1XL,3XL,5XL,4XL,0XL,2XL",6,Spring&Fall,https://p16-oec-eu-common-no.tiktokcdn-eu.com/tos-no1a-i-t5fjg24jzw-no/966b6650db934fa5ac0bc1f035c60342~tplv-t5fjg24jzw-resize-jpeg:1000:1000.image?,https://shop.tiktok.com/view/product/1729410919915556169?region=GB&locale=en,张宇,4.9,68,0,32,2026/9/8
2026/9/6,GB,UK,高增速,1729630032765753669,S250903025993,YouAnnn,非SKM商家,标码女装,女士针织衫,毛衣套头衫,标码女装+女士针织衫,"(2000,5000]",15.13,"(30,50]",36.84%,"(0%, 50%]","(0,10]",2025/9/9,362,非JIT商品,123,0,"Rust brown,Gray,Dark wash",3,"XXL,XL,M,L,S",5,未知/未配置,https://p16-oec-eu-common-no.tiktokcdn-eu.com/tos-no1a-i-t5fjg24jzw-no/94393bea05204d98b3086b9997fc9abd~tplv-t5fjg24jzw-resize-jpeg:1000:1000.image?,https://shop.tiktok.com/view/product/1729630032765753669?region=GB&locale=en,沈亦莎,4.8,19,0,81,2026/9/8
2026/9/6,GB,UK,高增速,1729566170538481989,S250701009873,YouAnnn,非SKM商家,标码女装,女士针织衫,开衫,标码女装+女士针织衫,"(1000,2000]",19.46,"(30,50]",325.00%,"(300%, 500%]","(10,30]",2025/7/7,426,非JIT商品,339,0,"Blue,White,Yellow,Pink",4,"M,XXL,S,L,XL",5,未知/未配置,https://p16-oec-eu-common-no.tiktokcdn-eu.com/tos-no1a-i-t5fjg24jzw-no/6ef671ebbb5f4bb887edb46dad728d0c~tplv-t5fjg24jzw-resize-jpeg:1000:1000.image?,https://shop.tiktok.com/view/product/1729566170538481989?region=GB&locale=en,沈亦莎,4.8,13,20,67,2026/9/8
2026/9/6,GB,UK,高增速,1729424503366848117,S240726004241,Knivella,非SKM商家,大码女装,女士针织衫,毛衣套头衫,大码女装+女士针织衫,"(10000,+∞)",24.46,"(30,50]",-44.00%,负增长,"(0,10]",2024/8/16,751,非JIT商品,134,0,"Grey,Khaki,Olive green,Deep red,Royal blue,Turquoise green,Black,Pink",8,"1XL,2XL,3XL",3,未知/未配置,https://p16-oec-eu-common-no.tiktokcdn-eu.com/tos-no1a-i-t5fjg24jzw-no/eb7b2dd6e54544c7b61f2c1c69496b1f~tplv-t5fjg24jzw-resize-jpeg:1000:1000.image?,https://shop.tiktok.com/view/product/1729424503366848117?region=GB&locale=en,张宇,4.1,48,0,52,2026/9/8
2026/9/6,GB,UK,高增速,1729682588964657477,S251101024641,YouAnnn,非SKM商家,标码女装,女士针织衫,毛衣套头衫,标码女装+女士针织衫,"(1000,2000]",21.02,"(30,50]",26.67%,"(0%, 50%]","(0,10]",2025/11/5,305,非JIT商品,179,0,"Gray,Apricot",2,"M,S,XXL,L,XL",5,未知/未配置,https://p16-oec-eu-common-no.tiktokcdn-eu.com/tos-no1a-i-t5fjg24jzw-no/2621c9be62754d0390ad03e5a58ab8b3~tplv-t5fjg24jzw-resize-jpeg:1000:1000.image?,https://shop.tiktok.com/view/product/1729682588964657477?region=GB&locale=en,沈亦莎,4.8,21,0,79,2026/9/8
2026/9/6,GB,UK,高增速,1729402408303430930,S231121003320,Hiying,非SKM商家,标码女装,女士针织衫,毛衣套头衫,标码女装+女士针织衫,"(10000,+∞)",21.50,"(30,50]",-29.41%,负增长,"(0,10]",2023/11/27,"1,014",非JIT商品,360,0,"Off white,Black,Pink,Navy blue,Khaki,Bright yellow,Medium wash",7,"XXL,L,S,M,XL",5,Fall&Winter,https://p16-oec-va.ibyteimg.com/tos-alisg-i-aphluv4xwc-sg/70f9797de5944ef8bd0abdf56d02de52~tplv-o3syd03w52-resize-jpeg:1000:1000.image?,https://shop.tiktok.com/view/product/1729402408303430930?region=GB&locale=en,沈亦莎,4.5,82,0,18,2026/9/8
2026/9/6,GB,UK,高增速,1729648672491215011,S250918040478,Yz Sweaters,非SKM商家,标码女装,女士针织衫,毛衣套头衫,标码女装+女士针织衫,"(100,500]",17.60,"(10,30]",-72.73%,负增长,"(0,10]",2025/9/29,342,非JIT商品,110,0,White,1,"S,M,XL,L",4,未知/未配置,https://p16-oec-va.ibyteimg.com/tos-alisg-i-aphluv4xwc-sg/7b85f53269cb4ef2ba19178f05d64ed9~tplv-o3syd03w52-resize-jpeg:1000:1000.image?,https://shop.tiktok.com/view/product/1729648672491215011?region=GB&locale=en,沈亦莎,4.7,17,0,83,2026/9/8
2026/9/6,GB,UK,高增速,1729429832832355657,S240929003994,XL Sweat,非SKM商家,大码女装,女士针织衫,毛衣开衫,大码女装+女士针织衫,"(0,100]",24.76,"(10,30]",-23.08%,负增长,"(0,10]",2024/10/21,685,非JIT商品,161,0,"Pink,Multicolor,Light green",3,"2XL,4XL,1XL,5XL,3XL",5,Fall&Winter,https://p16-oec-va.ibyteimg.com/tos-alisg-i-aphluv4xwc-sg/cf92d4a6a73449c08d1966512ef49351~tplv-o3syd03w52-resize-jpeg:1000:1000.image?,https://shop.tiktok.com/view/product/1729429832832355657?region=GB&locale=en,张宇,4.9,96,0,4,2026/9/8
2026/9/6,GB,UK,高增速,1729603032303966533,S250731027749,YouAnnn,非SKM商家,标码女装,女士针织衫,开衫,标码女装+女士针织衫,"(2000,5000]",21.59,"(10,30]",12.50%,"(0%, 50%]","(0,10]",2025/8/10,392,非JIT商品,300,0,"Red,Black,Brown",3,"L,XXL,S,M,XL",5,未知/未配置,https://p16-oec-va.ibyteimg.com/tos-alisg-i-aphluv4xwc-sg/7dcd37ec38b84adfbe282ed711bcfa3c~tplv-o3syd03w52-resize-jpeg:1000:1000.image?,https://shop.tiktok.com/view/product/1729603032303966533?region=GB&locale=en,沈亦莎,4.8,30,0,70,2026/9/8
2026/9/6,GB,UK,高增速,1729889097298057559,S260806013751,FOXCLAW Curve,非SKM商家,大码女装,女士针织衫,毛衣套头衫,大码女装+女士针织衫,"(0,100]",20.91,"(10,30]",200.00%,"(100%, 300%]","(0,10]",2026/8/11,26,非JIT商品,45,0,"Navy blue,White,Black",3,"4XL,5XL,3XL,2XL,1XL",5,Spring&Fall,https://p16-oec-va.ibyteimg.com/tos-alisg-i-aphluv4xwc-sg/28ae32b2449343a38d3384838f18c94d~tplv-o3syd03w52-resize-jpeg:1000:1000.image?,https://shop.tiktok.com/view/product/1729889097298057559?region=GB&locale=en,郑川粤,4.3,0,0,100,2026/9/8
2026/9/6,GB,UK,高增速,1729885139262085293,S260801027816,ZIZI Sweater,非SKM商家,大码女装,女士针织衫,毛衣套头衫,大码女装+女士针织衫,"(0,100]",18.20,"(10,30]",42.86%,"(0%, 50%]","(0,10]",2026/8/14,23,非JIT商品,38,0,"Brown,Khaki,Light wash",3,"4XL,2XL,3XL,1XL",4,Fall&Winter,https://p16-oec-va.ibyteimg.com/tos-alisg-i-aphluv4xwc-sg/1e5d9150a95a45bead960a9788f706e1~tplv-o3syd03w52-resize-jpeg:1000:1000.image?,https://shop.tiktok.com/view/product/1729885139262085293?region=GB&locale=en,郑川粤,4.3,0,0,100,2026/9/8
2026/9/6,GB,UK,高增速,1729562641323956953,S250703001293,Auspico,非SKM商家,标码女装,女士针织衫,毛织长裤套装,标码女装+女士针织衫,"(1000,2000]",30.17,"(10,30]",-28.57%,负增长,"(0,10]",2025/7/3,430,JIT商品,21,30,"Gray,Pink,Yellow",3,"S,XL,L,M",4,未知/未配置,https://p16-oec-eu-common-no.tiktokcdn-eu.com/tos-no1a-i-t5fjg24jzw-no/21155471a4e74bcf9d448642551ff13c~tplv-t5fjg24jzw-resize-jpeg:1000:1000.image?,https://shop.tiktok.com/view/product/1729562641323956953?region=GB&locale=en,沈亦莎,3.5,13,7,80,2026/9/8
2026/9/6,GB,UK,高增速,1729826951886838085,S260509027742,YouAnnn,非SKM商家,标码女装,女士针织衫,毛衣套头衫,标码女装+女士针织衫,"(0,100]",15.81,"(10,30]",100.00%,"(50%, 100%]","(0,10]",2026/5/12,117,非JIT商品,203,0,"Maroon,Pink,Gray,Reddish brown",4,"L,XXL,M,S,XL",5,Fall&Winter,https://p16-oec-eu-common-no.tiktokcdn-eu.com/tos-no1a-i-t5fjg24jzw-no/43062f27040c4b1c956c0189f90b0f63~tplv-t5fjg24jzw-resize-jpeg:1000:1000.image?,https://shop.tiktok.com/view/product/1729826951886838085?region=GB&locale=en,沈亦莎,4.8,0,0,100,2026/9/8
2026/9/6,GB,UK,高增速,1729651697102198980,S251002024060,FACIO Direct,非SKM商家,标码女装,女士针织衫,毛衣套头衫,标码女装+女士针织衫,"(500,1000]",24.51,"(0,10]",0.00%,持平,"(0,10]",2025/10/9,332,非JIT商品,63,0,Multicolor,1,"XL,L,S,M",4,未知/未配置,https://p16-oec-va.ibyteimg.com/tos-alisg-i-aphluv4xwc-sg/58f0fc0ec21a426fb286c49def064766~tplv-o3syd03w52-resize-jpeg:1000:1000.image?,https://shop.tiktok.com/view/product/1729651697102198980?region=GB&locale=en,沈亦莎,4.8,90,0,10,2026/9/8
2026/9/6,GB,UK,高增速,1729417832571637065,S240604006514,XL Sweat,非SKM商家,大码女装,女士针织衫,毛衣开衫,大码女装+女士针织衫,"(1000,2000]",25.21,"(0,10]",400.00%,"(300%, 500%]","(0,10]",2024/6/24,804,非JIT商品,188,0,"Dusty blue,Black*1 pc+Beige*1 pc,Beige,Black",4,"3XL,0XL,4XL,2XL,1XL",5,Spring&Fall,https://p16-oec-eu-common-no.tiktokcdn-eu.com/tos-no1a-i-t5fjg24jzw-no/5eb40843761843baa570197fea218d81~tplv-t5fjg24jzw-resize-jpeg:1000:1000.image?,https://shop.tiktok.com/view/product/1729417832571637065?region=GB&locale=en,张宇,4.9,43,0,57,2026/9/8
2026/9/6,GB,UK,高增速,1729546305466112325,S250616012588,YouAnnn,非SKM商家,标码女装,女士针织衫,毛衣套头衫,标码女装+女士针织衫,"(100,500]",20.43,"(0,10]",0.00%,持平,"(0,10]",2025/6/19,444,非JIT商品,220,0,"Black,Black and white,Multicolor",3,"XXL,XL,M,L,S",5,未知/未配置,https://p16-oec-eu-common-no.tiktokcdn-eu.com/tos-no1a-i-t5fjg24jzw-no/1c6e6f6e2bf44f86b623a9d6c762a190~tplv-t5fjg24jzw-resize-jpeg:1000:1000.image?,https://shop.tiktok.com/view/product/1729546305466112325?region=GB&locale=en,沈亦莎,4.8,17,0,83,2026/9/8
2026/9/6,GB,UK,高增速,1729400744077724954,S230619002058,LILYTREE,非SKM商家,标码女装,女士针织衫,毛衣马甲,标码女装+女士针织衫,"(5000,10000]",19.43,"(0,10]",,新增动销,"(0,10]",2023/8/9,"1,124",非JIT商品,372,0,"Coffee brown,Black,Navy blue,Khaki,Burgundy,Off white,Grey",7,"M,S,XL,L,XXL",5,Fall&Winter,https://p16-oec-eu-common-no.tiktokcdn-eu.com/tos-no1a-i-t5fjg24jzw-no/6a84e1f9dc4b407397ddcdbd070977c0~tplv-t5fjg24jzw-resize-jpeg:1000:1000.image?,https://shop.tiktok.com/view/product/1729400744077724954?region=GB&locale=en,沈亦莎,4.4,100,0,0,2026/9/8
2026/9/6,GB,UK,高增速,1729638087578392901,S250914010984,YouAnnn,非SKM商家,标码女装,女士针织衫,毛衣套头衫,标码女装+女士针织衫,"(0,100]",18.39,"(0,10]",-100.00%,负增长,"(0,10]",2025/9/18,353,非JIT商品,67,0,"Purple,Red,Black,Orange",4,"XXL,XL,M,S,L",5,Fall&Winter,https://p16-oec-va.ibyteimg.com/tos-alisg-i-aphluv4xwc-sg/e141aacb54b84278ab070e2fcaa66c37~tplv-o3syd03w52-resize-jpeg:1000:1000.image?,https://shop.tiktok.com/view/product/1729638087578392901?region=GB&locale=en,沈亦莎,4.8,0,0,100,2026/9/8
2026/9/6,GB,UK,高增速,1729635217931213125,S250911039013,YouAnnn,非SKM商家,标码女装,女士针织衫,毛衣套头衫,标码女装+女士针织衫,"(10000,+∞)",19.26,"(0,10]",-100.00%,负增长,"(0,10]",2025/9/15,356,非JIT商品,54,0,"Brown,White,Navy blue,Green,Purple and white,Red,Silver,Black,Brown and white,Dark violet,Blue and white",11,"XL,L,M,XXL,S",5,未知/未配置,https://p16-oec-eu-common-no.tiktokcdn-eu.com/tos-no1a-i-t5fjg24jzw-no/d606ddbf03c04498a4101be0e8bb37b7~tplv-t5fjg24jzw-resize-jpeg:1000:1000.image?,https://shop.tiktok.com/view/product/1729635217931213125?region=GB&locale=en,沈亦莎,4.8,100,0,0,2026/9/8
2026/9/6,US,US,高增速,1729799154496279275,S241017008142,Bettlity,非SKM商家,标码女装,女士针织衫,开衫,标码女装+女士针织衫,"(2000,5000]",23.20,"(100,+∞)",0.89%,"(0%, 50%]","(30,50]",2024/11/2,673,非JIT商品,871,0,"Grey,Khaki,Black,Olive brown,Apricot,Mauve purple",6,"M,S,L,XL,XXL",5,未知/未配置,https://p16-oec-ttp.tiktokcdn-us.com/tos-useast5-i-omjb5zjo8w-tx/943757822e1d4799bd5bec447916d3db~tplv-omjb5zjo8w-resize-jpeg:1000:1000.image?,https://shop.tiktok.com/view/product/1729799154496279275?region=US&locale=en,沈亦莎,4.6,73,1,26,2026/9/8
2026/9/6,US,US,高增速,1731621602395722236,S250812026365,Hi anan,非SKM商家,标码女装,女士针织衫,毛衣套头衫,标码女装+女士针织衫,"(5000,10000]",19.10,"(100,+∞)",18.82%,"(0%, 50%]","(30,50]",2025/8/15,387,非JIT商品,764,0,"Brown and white,Multicolor3,Black and white,Orange and black,Multicolor1",5,"M,S,L,XL",4,未知/未配置,https://p16-oec-va.ibyteimg.com/tos-maliva-i-o3syd03w52-us/6ae19f48944e411e94f7ff3fc8b1df07~tplv-o3syd03w52-resize-jpeg:1000:1000.image?,https://shop.tiktok.com/view/product/1731621602395722236?region=US&locale=en,沈亦莎,4.8,59,17,24,2026/9/8
2026/9/6,US,US,高增速,1729550760230162940,S240704006317,Hi anan,非SKM商家,标码女装,女士针织衫,毛衣套头衫,标码女装+女士针织衫,"(10000,+∞)",19.72,"(100,+∞)",94.12%,"(50%, 100%]","(10,30]",2024/7/15,783,非JIT商品,726,0,"Curry,Reed green,Navy blue,Deep red,Black,Apricot",6,"M,S,XL,L",4,未知/未配置,https://p16-oec-ttp.tiktokcdn-us.com/tos-useast5-i-omjb5zjo8w-tx/7889722602b742538989d856b9de711d~tplv-omjb5zjo8w-resize-jpeg:1000:1000.image?,https://shop.tiktok.com/view/product/1729550760230162940?region=US&locale=en,沈亦莎,4.8,75,0,25,2026/9/8
2026/9/6,US,US,高增速,1732514310462148733,S260726018522,SS VARAH,非SKM商家,大码女装,女士针织衫,毛衣开衫,大码女装+女士针织衫,"(500,1000]",21.52,"(50,100]",6.52%,"(0%, 50%]","(10,30]",2026/7/26,42,JIT商品,392,861,"Brown,Purple,Royal blue,Pink,Hot pink,Red,Lime orange,Yellow,Gray,White,Black,Light wash,Green",13,"5XL,4XL,1XL,3XL,2XL",5,Spring&Fall,https://p16-oec-va.ibyteimg.com/tos-alisg-i-aphluv4xwc-sg/e6e1d0b4983946dfa7a0dca864ee34f0~tplv-o3syd03w52-resize-jpeg:1000:1000.image?,https://shop.tiktok.com/view/product/1732514310462148733?region=US&locale=en,郑川粤,4.5,71,4,25,2026/9/8
2026/9/6,US,US,高增速,1732291299772043852,S260315039274,Weave Me,非SKM商家,标码女装,女士针织衫,开衫,标码女装+女士针织衫,"(100,500]",20.40,"(50,100]",93.75%,"(50%, 100%]","(10,30]",2026/3/19,171,非JIT商品,186,0,"Mint green,Pink,White,Dark gray,Mauve purple",5,"M,S,L,XL",4,Fall&Winter,https://p16-oec-ttp.tiktokcdn-us.com/tos-useast5-i-omjb5zjo8w-tx/93e7e0ca46fa430a95e0e48278fac85f~tplv-omjb5zjo8w-resize-jpeg:1000:1000.image?,https://shop.tiktok.com/view/product/1732291299772043852?region=US&locale=en,王可心,4.1,45,0,55,2026/9/8
2026/9/6,US,US,高增速,1732526935237759149,S260801021278,ZIZI Sweater,非SKM商家,大码女装,女士针织衫,毛衣套头衫,大码女装+女士针织衫,"(100,500]",16.29,"(50,100]",137.04%,"(100%, 300%]","(10,30]",2026/8/10,27,非JIT商品,255,0,"Camel,Pink,White,Black,Light wash,Apricot,Burgundy",7,"4XL,1XL,3XL,2XL",4,Spring&Fall,https://p16-oec-va.ibyteimg.com/tos-maliva-i-o3syd03w52-us/57bd049a83464609ad481f1d4d0a365e~tplv-o3syd03w52-resize-jpeg:1000:1000.image?,https://shop.tiktok.com/view/product/1732526935237759149?region=US&locale=en,郑川粤,4.1,45,1,54,2026/9/8
2026/9/6,US,US,高增速,1729488396980359334,S240517006315,Agivvia,非SKM商家,标码女装,女士针织衫,毛织长裤套装,标码女装+女士针织衫,"(10000,+∞)",31.91,"(50,100]",34.29%,"(0%, 50%]","(10,30]",2024/5/29,830,非JIT商品,533,0,"Coffee brown,Pink,Khaki,Orange,Navy blue,Army green,Black,Dark gray,Off white,Burgundy",10,"M,S,XL,L",4,未知/未配置,https://p16-oec-va.ibyteimg.com/tos-maliva-i-o3syd03w52-us/a0b3f3a04ab743f8ad8306809f4725dd~tplv-o3syd03w52-resize-jpeg:1000:1000.image?,https://shop.tiktok.com/view/product/1729488396980359334?region=US&locale=en,王可心,3.7,22,2,76,2026/9/8
2026/9/6,US,US,高增速,1730257253418701074,S241209006510,Hiying,非SKM商家,标码女装,女士针织衫,开衫,标码女装+女士针织衫,"(2000,5000]",23.24,"(50,100]",62.50%,"(50%, 100%]","(10,30]",2024/12/14,631,非JIT商品,138,0,"Daffodil yellow,Pink,Gray,Multicolor",4,"M,S,XL,L,XXL",5,未知/未配置,https://p16-oec-ttp.tiktokcdn-us.com/tos-useast5-i-omjb5zjo8w-tx/89c029cb1dcd4d98889703494680e4af~tplv-omjb5zjo8w-resize-jpeg:1000:1000.image?,https://shop.tiktok.com/view/product/1730257253418701074?region=US&locale=en,沈亦莎,3.9,27,0,73,2026/9/8
2026/9/6,US,US,高增速,1729837506461798596,S241024011502,FACIO Direct,非SKM商家,标码女装,女士针织衫,毛衣套头衫,标码女装+女士针织衫,"(10000,+∞)",20.04,"(50,100]",54.55%,"(50%, 100%]","(10,30]",2024/11/5,670,非JIT商品,"1,079",0,"Green,Grey,Purple,Red,Light blue,Black,Dark gray,Beige,Brown",9,"M,S,XS,L,XXL,XL",6,未知/未配置,https://p16-oec-va.ibyteimg.com/tos-alisg-i-aphluv4xwc-sg/416cbf9bfc6c48f98f992a19f34d8dde~tplv-o3syd03w52-resize-jpeg:1000:1000.image?,https://shop.tiktok.com/view/product/1729837506461798596?region=US&locale=en,沈亦莎,4.6,35,21,44,2026/9/8
2026/9/6,US,US,高增速,1731590455484256422,S250801022541,Agivvia,非SKM商家,标码女装,女士针织衫,毛衣套头衫,标码女装+女士针织衫,"(2000,5000]",24.11,"(50,100]",33.33%,"(0%, 50%]","(0,10]",2025/8/9,393,非JIT商品,531,0,"Coffee brown,Khaki,Army green,Navy blue,White,Black,Dark gray",7,"M,S,L,XL",4,未知/未配置,https://p16-oec-va.ibyteimg.com/tos-alisg-i-aphluv4xwc-sg/a09feda31dd14dac9eb44c5328d35cba~tplv-o3syd03w52-resize-jpeg:1000:1000.image?,https://shop.tiktok.com/view/product/1731590455484256422?region=US&locale=en,王可心,3.7,50,0,50,2026/9/8
2026/9/6,US,US,高增速,1731850725096002543,S250923025702,MO COO,非SKM商家,标码女装,女士针织衫,毛衣套头衫,标码女装+女士针织衫,"(500,1000]",11.94,"(50,100]",52.63%,"(50%, 100%]","(0,10]",2025/9/30,341,非JIT商品,260,0,"White,Black,Apricot",3,"M,S,XL,L",4,未知/未配置,https://p16-oec-ttp.tiktokcdn-us.com/tos-useast5-i-omjb5zjo8w-tx/8d29327879064140ae837d5abf4a473b~tplv-omjb5zjo8w-resize-jpeg:1000:1000.image?,https://shop.tiktok.com/view/product/1731850725096002543?region=US&locale=en,王可心,3.7,22,0,78,2026/9/8
2026/9/6,US,US,高增速,1731743190798733637,S250903019658,YouAnnn,非SKM商家,标码女装,女士针织衫,开衫,标码女装+女士针织衫,"(500,1000]",20.08,"(50,100]",13.64%,"(0%, 50%]","(0,10]",2025/9/9,362,非JIT商品,205,0,"Cream,Black,Beige",3,"M,S,L,XL,XXL",5,未知/未配置,https://p16-oec-va.ibyteimg.com/tos-alisg-i-aphluv4xwc-sg/fa8ff8a3b88c4699b2dc1e4505706897~tplv-o3syd03w52-resize-jpeg:1000:1000.image?,https://shop.tiktok.com/view/product/1731743190798733637?region=US&locale=en,沈亦莎,4.3,26,0,74,2026/9/8
2026/9/6,US,US,高增速,1732454036854968645,S260622034959,YouAnnn,非SKM商家,标码女装,女士针织衫,毛衣套头衫,标码女装+女士针织衫,"(100,500]",20.94,"(50,100]",-4.55%,负增长,"(0,10]",2026/6/29,69,非JIT商品,196,0,"Gray,Apricot",2,"M,S,XL,L,XXL",5,Fall&Winter,https://p16-oec-va.ibyteimg.com/tos-maliva-i-o3syd03w52-us/10ebce3f6c86421093d75223ba2eda59~tplv-o3syd03w52-resize-jpeg:1000:1000.image?,https://shop.tiktok.com/view/product/1732454036854968645?region=US&locale=en,沈亦莎,4.3,2,0,98,2026/9/8
2026/9/6,US,US,高增速,1732432815832469670,S260608026336,Agivvia,非SKM商家,标码女装,女士针织衫,毛织长裤套装,标码女装+女士针织衫,"(100,500]",31.91,"(50,100]",0.00%,持平,"(0,10]",2026/6/23,75,非JIT商品,"1,031",0,"Coffee brown,Khaki,Navy blue,White,Black,Burgundy",6,"M,S,L,XL",4,Fall&Winter,https://p16-oec-va.ibyteimg.com/tos-alisg-i-aphluv4xwc-sg/d2c7a45056e7437d8a781362d037d047~tplv-o3syd03w52-resize-jpeg:1000:1000.image?,https://shop.tiktok.com/view/product/1732432815832469670?region=US&locale=en,王可心,3.7,31,2,67,2026/9/8
2026/9/6,US,US,高增速,1729659470831915516,S240911006647,Hi anan,非SKM商家,标码女装,女士针织衫,毛衣套头衫,标码女装+女士针织衫,"(2000,5000]",17.83,"(30,50]",35.00%,"(0%, 50%]","(0,10]",2024/9/23,713,非JIT商品,238,0,"Brown,Grey,Camel,Khaki,Pale blue,Green",6,"M,S,L,XL,XXL",5,Fall&Winter,https://p16-oec-va.ibyteimg.com/tos-maliva-i-o3syd03w52-us/dea8c4157a9048ceb75a681a57c5d04a~tplv-o3syd03w52-resize-jpeg:1000:1000.image?,https://shop.tiktok.com/view/product/1729659470831915516?region=US&locale=en,沈亦莎,4.8,2,12,86,2026/9/8
2026/9/6,US,US,高增速,1731392594877321945,S250625012555,Auspico,非SKM商家,标码女装,女士针织衫,毛衣套头衫,标码女装+女士针织衫,"(500,1000]",23.59,"(30,50]",450.00%,"(300%, 500%]","(0,10]",2025/7/2,431,JIT商品,15,166,"Hot pink,Army green,Apricot",3,"M,S,XL,L,XXL",5,未知/未配置,https://p16-oec-ttp.tiktokcdn-us.com/tos-useast5-i-omjb5zjo8w-tx/16252ee4451a4cdab11c5619e95b2756~tplv-omjb5zjo8w-resize-jpeg:1000:1000.image?,https://shop.tiktok.com/view/product/1731392594877321945?region=US&locale=en,沈亦莎,3.5,9,36,55,2026/9/8
2026/9/6,US,US,高增速,1731505841256239270,S250711015335,Agivvia,非SKM商家,标码女装,女士针织衫,毛衣套头衫,标码女装+女士针织衫,"(500,1000]",22.40,"(30,50]",23.53%,"(0%, 50%]","(0,10]",2025/7/23,410,非JIT商品,331,0,"Coffee brown,Cream,Dark gray",3,"M,S,L,XL",4,未知/未配置,https://p16-oec-va.ibyteimg.com/tos-alisg-i-aphluv4xwc-sg/ef63e44b4b834baa9a9ad29675cb300c~tplv-o3syd03w52-resize-jpeg:1000:1000.image?,https://shop.tiktok.com/view/product/1731505841256239270?region=US&locale=en,王可心,3.7,26,5,69,2026/9/8
2026/9/6,US,US,高增速,1729659313699197675,S240920003672,Bettlity,非SKM商家,大码女装,女士针织衫,毛衣套头衫,大码女装+女士针织衫,"(2000,5000]",15.41,"(30,50]",69.23%,"(50%, 100%]","(0,10]",2024/9/23,713,非JIT商品,219,0,"Baby pink,Royal blue,Olive green,Deep red,Black,Dark gray,Apricot",7,"1XL,3XL,2XL",3,未知/未配置,https://p16-oec-ttp.tiktokcdn-us.com/tos-useast5-i-omjb5zjo8w-tx/d12b590aeff040309ce1ffeffbeb2b44~tplv-omjb5zjo8w-resize-jpeg:1000:1000.image?,https://shop.tiktok.com/view/product/1729659313699197675?region=US&locale=en,沈亦莎,4.6,61,0,39,2026/9/8
2026/9/6,US,US,高增速,1732545923988033865,S260810023054,XL Sweat,非SKM商家,大码女装,女士针织衫,毛衣套头衫,大码女装+女士针织衫,"(0,100]",25.54,"(30,50]",900.00%,"(500%, +∞)","(10,30]",2026/8/14,23,非JIT商品,120,0,"Coffee brown,Khaki,Black,Burgundy",4,"4XL,1XL,0XL,3XL,2XL",5,Fall&Winter,https://p16-oec-va.ibyteimg.com/tos-maliva-i-o3syd03w52-us/25ea26a6aa8d41a1a65e43f35c836437~tplv-o3syd03w52-resize-jpeg:1000:1000.image?,https://shop.tiktok.com/view/product/1732545923988033865?region=US&locale=en,张宇,4.7,21,3,76,2026/9/8
2026/9/6,US,US,高增速,1732196387557576986,S260105042170,LILYTREE,非SKM商家,标码女装,女士针织衫,毛衣套头衫,标码女装+女士针织衫,"(100,500]",17.49,"(30,50]",100.00%,"(50%, 100%]","(0,10]",2026/1/6,243,非JIT商品,213,0,"Cream,White,Black",3,"M,S,L,XL",4,Fall&Winter,https://p16-oec-ttp.tiktokcdn-us.com/tos-useast5-i-omjb5zjo8w-tx/84ad936e220846f398c179f990415b3d~tplv-omjb5zjo8w-resize-jpeg:1000:1000.image?,https://shop.tiktok.com/view/product/1732196387557576986?region=US&locale=en,沈亦莎,4.4,70,0,30,2026/9/8
2026/9/6,US,US,高增速,1732509151460495689,S260723038114,XL Sweat,非SKM商家,大码女装,女士针织衫,毛衣套头衫,大码女装+女士针织衫,"(0,100]",20.89,"(10,30]",-16.67%,负增长,"(0,10]",2026/8/3,34,非JIT商品,278,0,"Olive green,Navy blue,Brown",3,"4XL,1XL,3XL,2XL",4,Spring&Fall,https://p16-oec-va.ibyteimg.com/tos-maliva-i-o3syd03w52-us/cc9d4d1a9d7c41309f5ba8d8b5156191~tplv-o3syd03w52-resize-jpeg:1000:1000.image?,https://shop.tiktok.com/view/product/1732509151460495689?region=US&locale=en,张宇,4.7,11,0,89,2026/9/8
2026/9/6,US,US,高增速,1729569824632312469,S240723005118,Lusmay,非SKM商家,标码女装,女士针织衫,毛衣套头衫,标码女装+女士针织衫,"(5000,10000]",18.20,"(10,30]",55.56%,"(50%, 100%]","(0,10]",2024/8/1,766,非JIT商品,136,0,"Grey,Khaki,Orange,Army green,Copper brown,Burgundy",6,"M,S,XL,L",4,未知/未配置,https://p16-oec-va.ibyteimg.com/tos-maliva-i-o3syd03w52-us/db48df46b7494fa8b92b4dc04ae2247a~tplv-o3syd03w52-resize-jpeg:1000:1000.image?,https://shop.tiktok.com/view/product/1729569824632312469?region=US&locale=en,王可心,4.6,30,0,70,2026/9/8
2026/9/6,US,US,高增速,1732535099176424389,S260805030278,JNUIYOA,非SKM商家,大码女装,女士针织衫,毛衣套头衫,大码女装+女士针织衫,"(0,100]",22.00,"(10,30]",233.33%,"(100%, 300%]","(10,30]",2026/8/5,32,JIT商品,0,"1,871","Khaki,Red,Gray,Reddish purple,Black,Dark gray,Light wash,Dark wash,Green,Coffee brown,Purple,Pink,Hot pink,Yellow,White,Burgundy",16,"4XL,1XL,3XL,2XL",4,Spring&Fall,https://p16-oec-va.ibyteimg.com/tos-maliva-i-o3syd03w52-us/821874d0b14c458db1b8134275338f14~tplv-o3syd03w52-resize-jpeg:1000:1000.image?,https://shop.tiktok.com/view/product/1732535099176424389?region=US&locale=en,张宇,4.0,4,15,81,2026/9/8
2026/9/6,US,US,高增速,1731683666113762027,S250822004964,Bettlity,非SKM商家,标码女装,女士针织衫,毛衣套头衫,标码女装+女士针织衫,"(2000,5000]",25.47,"(10,30]",433.33%,"(300%, 500%]","(0,10]",2025/8/27,375,非JIT商品,268,0,"Khaki,Gray,Black,Ocean blue,Maroon",5,"M,S,XL,L,XXL",5,未知/未配置,https://p16-oec-ttp.tiktokcdn-us.com/tos-useast5-i-omjb5zjo8w-tx/f996c6fc3da0412fb6ad9ce3d7d39cfb~tplv-omjb5zjo8w-resize-jpeg:1000:1000.image?,https://shop.tiktok.com/view/product/1731683666113762027?region=US&locale=en,沈亦莎,4.6,15,8,77,2026/9/8
2026/9/6,US,US,高增速,1732439682445578964,S260611017591,YIMANSHA Closet,非SKM商家,大码女装,女士针织衫,毛衣套头衫,大码女装+女士针织衫,"(0,100]",19.32,"(10,30]",85.71%,"(50%, 100%]","(0,10]",2026/6/17,81,非JIT商品,435,0,"Green,Pink,Strong white,Red,Light blue,Flame red,Gray,Yellow,White,Dark blue,Pale blue,Golden",12,"5XL,4XL,1XL,3XL,2XL",5,Fall&Winter,https://p16-oec-va.ibyteimg.com/tos-maliva-i-o3syd03w52-us/dd8d26f621e349608edff4af910d3137~tplv-o3syd03w52-resize-jpeg:1000:1000.image?,https://shop.tiktok.com/view/product/1732439682445578964?region=US&locale=en,张宇,4.9,33,5,62,2026/9/8
2026/9/6,US,US,高增速,1731625067226174376,S250807028166,Chic Weaves,非SKM商家,标码女装,女士针织衫,毛衣连衣裙,标码女装+女士针织衫,"(5000,10000]",33.38,"(10,30]",160.00%,"(100%, 300%]","(0,10]",2025/8/15,387,非JIT商品,80,0,"Multicolor2,Black,Multicolor",3,"M,S,XL,L,XXL",5,未知/未配置,https://p16-oec-va.ibyteimg.com/tos-maliva-i-o3syd03w52-us/ce7a701c52b945a9b05f587f286fe6cf~tplv-o3syd03w52-resize-jpeg:1000:1000.image?,https://shop.tiktok.com/view/product/1731625067226174376?region=US&locale=en,王可心,4.7,33,5,62,2026/9/8
2026/9/6,US,US,高增速,1732428295588122790,S260605012709,Agivvia,非SKM商家,标码女装,女士针织衫,毛衣套头衫,标码女装+女士针织衫,"(0,100]",18.93,"(10,30]",250.00%,"(100%, 300%]","(0,10]",2026/6/16,82,非JIT商品,90,0,"Coffee brown,Khaki",2,"M,S,L",3,Fall&Winter,https://p16-oec-va.ibyteimg.com/tos-maliva-i-o3syd03w52-us/60205e908aa14331a60ed93ca498331d~tplv-o3syd03w52-resize-jpeg:1000:1000.image?,https://shop.tiktok.com/view/product/1732428295588122790?region=US&locale=en,王可心,3.7,20,0,80,2026/9/8
2026/9/6,US,US,高增速,1729642633025721067,S240910007338,Bettlity,非SKM商家,标码女装,女士针织衫,毛衣连衣裙,标码女装+女士针织衫,"(2000,5000]",23.03,"(10,30]",25.00%,"(0%, 50%]","(0,10]",2024/9/14,722,非JIT商品,102,0,Baby pink,1,"M,S,XL,L,XXL,XS",6,未知/未配置,https://p16-oec-ttp.tiktokcdn-us.com/tos-useast5-i-omjb5zjo8w-tx/11719441dd504e3bacf593b0cd056c00~tplv-omjb5zjo8w-resize-jpeg:1000:1000.image?,https://shop.tiktok.com/view/product/1729642633025721067?region=US&locale=en,沈亦莎,4.6,15,0,85,2026/9/8
2026/9/6,US,US,高增速,1729551102989406955,S240704003968,Bettlity,非SKM商家,标码女装,女士针织衫,毛衣套头衫,标码女装+女士针织衫,"(2000,5000]",22.99,"(10,30]",71.43%,"(50%, 100%]","(0,10]",2024/7/16,782,非JIT商品,97,0,"Violet,Black,Bright orange",3,"M,S,XL,L,XXL",5,Fall&Winter,https://p16-oec-ttp.tiktokcdn-us.com/tos-useast5-i-omjb5zjo8w-tx/d5435fb8788647cba3c2ff43a7a2de46~tplv-omjb5zjo8w-resize-jpeg:1000:1000.image?,https://shop.tiktok.com/view/product/1729551102989406955?region=US&locale=en,沈亦莎,4.6,15,0,85,2026/9/8
2026/9/6,US,US,高增速,1731735019076620741,S250904022338,Chic Chic Maas,非SKM商家,标码女装,女士针织衫,开衫,标码女装+女士针织衫,"(100,500]",19.45,"(10,30]",12.50%,"(0%, 50%]","(0,10]",2025/9/8,363,非JIT商品,20,0,"Khaki,Wine red",2,"M,S,L,XL",4,Fall&Winter,https://p16-oec-ttp.tiktokcdn-us.com/tos-useast5-i-omjb5zjo8w-tx/c3fcef3c55ea4e0fb9a7b714cc349c82~tplv-omjb5zjo8w-resize-jpeg:1000:1000.image?,https://shop.tiktok.com/view/product/1731735019076620741?region=US&locale=en,王可心,3.4,39,0,61,2026/9/8
2026/9/6,US,US,高增速,1729560380358365224,S240625003611,Qi Qi fashion clothi,非SKM商家,标码女装,女士针织衫,毛衣套头衫,标码女装+女士针织衫,"(10000,+∞)",15.11,"(10,30]",100.00%,"(50%, 100%]","(0,10]",2024/7/24,774,非JIT商品,52,0,"Multicolor2,Multicolor3,Multicolor1,Multicolor4",4,"M,S,XL,L",4,未知/未配置,https://p16-oec-ttp.tiktokcdn-us.com/tos-useast5-i-omjb5zjo8w-tx/4e8f01de97fd4929b912919ea8858447~tplv-omjb5zjo8w-resize-jpeg:1000:1000.image?,https://shop.tiktok.com/view/product/1729560380358365224?region=US&locale=en,王可心,4.4,72,0,28,2026/9/8
2026/9/6,US,US,高增速,1731640909878366374,S250807015089,Agivvia,非SKM商家,标码女装,女士针织衫,毛织长裤套装,标码女装+女士针织衫,"(1000,2000]",33.40,"(10,30]",80.00%,"(50%, 100%]","(0,10]",2025/8/19,383,非JIT商品,462,0,"Coffee brown,Khaki,Black,Dark green,Burgundy",5,"M,S,L,XL",4,未知/未配置,https://p16-oec-va.ibyteimg.com/tos-maliva-i-o3syd03w52-us/939105cd1f5e4fa9b9c9a26816e795c8~tplv-o3syd03w52-resize-jpeg:1000:1000.image?,https://shop.tiktok.com/view/product/1731640909878366374?region=US&locale=en,王可心,3.7,13,20,67,2026/9/8
2026/9/6,US,US,高增速,1729627189859029500,S240822007162,Hi anan,非SKM商家,标码女装,女士针织衫,毛衣套头衫,标码女装+女士针织衫,"(10000,+∞)",22.00,"(10,30]",350.00%,"(300%, 500%]","(0,10]",2024/9/6,730,非JIT商品,224,0,"Blue,Grey,Camel,Khaki,Heather violet,Apricot,Green",7,"M,S,L,XL,XXL",5,未知/未配置,https://p16-oec-va.ibyteimg.com/tos-maliva-i-o3syd03w52-us/b8514697e3c94bc49669112699e6a479~tplv-o3syd03w52-resize-jpeg:1000:1000.image?,https://shop.tiktok.com/view/product/1729627189859029500?region=US&locale=en,沈亦莎,4.8,57,7,36,2026/9/8
2026/9/6,US,US,高增速,1732132961441976575,S251208046028,Chemiha,非SKM商家,标码女装,女士针织衫,毛衣套头衫,标码女装+女士针织衫,"(100,500]",20.07,"(0,10]",-50.00%,负增长,"(0,10]",2025/12/10,270,JIT商品,0,824,Beige,1,"M,S,L,XL,XXL",5,Fall&Winter,https://p16-oec-ttp.tiktokcdn-us.com/tos-useast5-i-omjb5zjo8w-tx/e8848201bd564289b94881f8140a6ed2~tplv-omjb5zjo8w-resize-jpeg:1000:1000.image?,https://shop.tiktok.com/view/product/1732132961441976575?region=US&locale=en,沈亦莎,2.6,14,0,86,2026/9/8
2026/9/6,US,US,高增速,1732072434530488348,S251120027439,Design Weave,非SKM商家,标码女装,女士针织衫,毛衣套头衫,标码女装+女士针织衫,"(0,100]",21.21,"(0,10]",150.00%,"(100%, 300%]","(0,10]",2025/11/20,290,JIT商品,0,950,Khaki,1,"M,S,L,XL,XXL",5,Fall&Winter,https://p16-oec-ttp.tiktokcdn-us.com/tos-useast5-i-omjb5zjo8w-tx/03ba2453ac5e46c8a5b6ec208870f23b~tplv-omjb5zjo8w-resize-jpeg:1000:1000.image?,https://shop.tiktok.com/view/product/1732072434530488348?region=US&locale=en,沈亦莎,3.2,57,0,43,2026/9/8
2026/9/6,US,US,高增速,1729402672541372582,S230822003083,Agivvia,非SKM商家,标码女装,女士针织衫,毛织长裤套装,标码女装+女士针织衫,"(10000,+∞)",30.41,"(0,10]",-66.67%,负增长,"(0,10]",2023/9/25,"1,077",非JIT商品,135,0,"Jet black,Grey,Pink,Army green,Deep red,Pebble lime,Black,Dark orange,Coral pink,Off white",10,"M,S,XL,L",4,Fall&Winter,https://p16-oec-va.ibyteimg.com/tos-maliva-i-o3syd03w52-us/30f432b744a3402a82ed385e5c3f8d45~tplv-o3syd03w52-resize-jpeg:1000:1000.image?,https://shop.tiktok.com/view/product/1729402672541372582?region=US&locale=en,王可心,3.7,86,0,14,2026/9/8
2026/9/6,US,US,高增速,1729570026092400882,S240706002892,Morrie Moon,非SKM商家,标码女装,女士针织衫,毛衣套头衫,标码女装+女士针织衫,"(5000,10000]",21.31,"(0,10]",-50.00%,负增长,"(0,10]",2024/8/1,766,非JIT商品,642,0,"Lime Yellow*1 pc+Pink*1 pc,Cream,Orange,Navy blue,Lilac,Black,Lime yellow,Turquoise blue,Dark green,Green,Navy Blue*1 pc+Green*1 pc,Coffee brown,Grey,Pink,Navy Blue*1 pc+Gray*1 pc,Deep red,Lilac*1 pc+Orange*1 pc,Cream*1 pc+Black*1 pc,Burgundy",19,"M,S,L,XL,XXL",5,未知/未配置,https://p16-oec-ttp.tiktokcdn-us.com/tos-useast5-i-omjb5zjo8w-tx/3c08f1594dff47b9b9378faa17d93ca8~tplv-omjb5zjo8w-resize-jpeg:1000:1000.image?,https://shop.tiktok.com/view/product/1729570026092400882?region=US&locale=en,王可心,4.8,50,0,50,2026/9/8
2026/9/6,US,US,高增速,1732229652410700625,S260116039264,Chic Price Cloaks,非SKM商家,标码女装,女士针织衫,毛衣套头衫,标码女装+女士针织衫,"(100,500]",25.52,"(0,10]",50.00%,"(0%, 50%]","(0,10]",2026/1/16,233,JIT商品,1,384,Multicolor,1,"M,S,XL,L,XXL",5,Fall&Winter,https://p16-oec-ttp.tiktokcdn-us.com/tos-useast5-i-omjb5zjo8w-tx/6533a59c6ae942149fa999d7cc5bd618~tplv-omjb5zjo8w-resize-jpeg:1000:1000.image?,https://shop.tiktok.com/view/product/1732229652410700625?region=US&locale=en,沈亦莎,4.3,20,0,80,2026/9/8
2026/9/6,US,US,高增速,1732087459976941823,S251119045028,Chemiha,非SKM商家,标码女装,女士针织衫,毛衣套头衫,标码女装+女士针织衫,"(0,100]",24.54,"(0,10]",0.00%,持平,"(0,10]",2026/4/7,152,JIT商品,0,966,Khaki,1,"M,S,L,XL,XXL",5,Fall&Winter,https://p16-oec-ttp.tiktokcdn-us.com/tos-useast5-i-omjb5zjo8w-tx/aff5b1dc19324e3c9322dd1cbc73c541~tplv-omjb5zjo8w-resize-jpeg:1000:1000.image?,https://shop.tiktok.com/view/product/1732087459976941823?region=US&locale=en,沈亦莎,2.6,0,0,100,2026/9/8
2026/9/6,US,US,高增速,1732482352209171368,S260709014571,Chic Weaves,非SKM商家,标码女装,女士针织衫,开衫,标码女装+女士针织衫,"(0,100]",22.25,"(0,10]",0.00%,持平,"(0,10]",2026/7/12,56,非JIT商品,36,0,Multi-color,1,"M,S,L,XL,XXL",5,Fall&Winter,https://p16-oec-va.ibyteimg.com/tos-maliva-i-o3syd03w52-us/f94707cdb9c04a2ba74600f7a6f95935~tplv-o3syd03w52-resize-jpeg:1000:1000.image?,https://shop.tiktok.com/view/product/1732482352209171368?region=US&locale=en,王可心,4.7,0,0,100,2026/9/8
2026/9/6,US,US,高增速,1732466565916954866,S260630026314,Morrie Moon,非SKM商家,标码女装,女士针织衫,开衫,标码女装+女士针织衫,"(0,100]",18.05,"(0,10]",0.00%,持平,"(0,10]",2026/7/4,64,非JIT商品,357,0,"Bright blue,Baby pink,Iron gray,Cream,Mocha brown,Black,Light wash,Copper brown,Bright yellow,Brown",10,"M,S,L,XL,XXL",5,Fall&Winter,https://p16-oec-va.ibyteimg.com/tos-maliva-i-o3syd03w52-us/0dfbd55147584d40bdb0d54323a230a0~tplv-o3syd03w52-resize-jpeg:1000:1000.image?,https://shop.tiktok.com/view/product/1732466565916954866?region=US&locale=en,王可心,4.8,0,0,100,2026/9/8
2026/9/6,US,US,高增速,1732044625179022059,S251101029222,Bettlity,非SKM商家,标码女装,女士针织衫,毛衣套头衫,标码女装+女士针织衫,"(100,500]",24.98,"(0,10]",-100.00%,负增长,"(0,10]",2025/11/12,298,非JIT商品,32,0,Apricot,1,"M,S,XL,L,XXL",5,Fall&Winter,https://p16-oec-ttp.tiktokcdn-us.com/tos-useast5-i-omjb5zjo8w-tx/1aa5f9420d59440e804ec4358d81ad3b~tplv-omjb5zjo8w-resize-jpeg:1000:1000.image?,https://shop.tiktok.com/view/product/1732044625179022059?region=US&locale=en,沈亦莎,4.6,50,0,50,2026/9/8
2026/9/6,US,US,高增速,1732472620572644057,S260703023913,Elegance Wrap,非SKM商家,标码女装,女士针织衫,毛衣套头衫,标码女装+女士针织衫,"(0,100]",18.92,"(0,10]",,新增动销,"(0,10]",2026/7/3,65,JIT商品,0,210,"Khaki,Gray,Black",3,"M,S,L,XL",4,Fall&Winter,https://p16-oec-va.ibyteimg.com/tos-maliva-i-o3syd03w52-us/c8775e5f1548445785227ef8e11819ce~tplv-o3syd03w52-resize-jpeg:1000:1000.image?,https://shop.tiktok.com/view/product/1732472620572644057?region=US&locale=en,沈亦莎,4.6,0,0,100,2026/9/8
2026/9/6,US,US,高增速,1732472531754193201,S260703016078,Sweater Weather Co.,非SKM商家,标码女装,女士针织衫,毛衣套头衫,标码女装+女士针织衫,"(0,100]",16.60,"(0,10]",-100.00%,负增长,"(0,10]",2026/7/14,54,非JIT商品,68,0,"Khaki,Wine red,Cream,Gray,Sky blue",5,"M,S,L,XL",4,Fall&Winter,https://p16-oec-va.ibyteimg.com/tos-maliva-i-o3syd03w52-us/d3cc60cec87f4293978fda590b05b199~tplv-o3syd03w52-resize-jpeg:1000:1000.image?,https://shop.tiktok.com/view/product/1732472531754193201?region=US&locale=en,王可心,,0,100,0,2026/9/8
2026/9/6,US,US,高增速,1732486083413578443,S260711027696,Personalized knittin,非SKM商家,标码女装,女士针织衫,毛衣套头衫,标码女装+女士针织衫,"(0,100]",16.69,"(0,10]",,持平,"(0,10]",2026/7/13,55,JIT商品,1,45,Beige,1,"M,S,L,XL",4,Fall&Winter,https://p16-oec-va.ibyteimg.com/tos-maliva-i-o3syd03w52-us/8d5a7bc152ba43da89324090af35b208~tplv-o3syd03w52-resize-jpeg:1000:1000.image?,https://shop.tiktok.com/view/product/1732486083413578443?region=US&locale=en,王可心,4.2,0,0,0,2026/9/8